annotation_id,source_group,pool_used,domain,grant_domain,arxiv_domain,domain_pair,year_segment,similarity_band,grant_year,grant_id,arxiv_id,similarity,delta_t_days,temporal_ok,topic_ok,review_notes,grant_posted_date,arxiv_submitted_date,grant_title,grant_description,arxiv_title,arxiv_abstract,negative_combo
GS_001,raw,raw,biomed,biomed,biomed,biomed,early_2008_2012,high,2012,168013,2006.05092,0.3978,-2965,0,,,2012-04-27,2020-06-09,Predictive Lung Deposition Models for Safety and Efficacy of Orally Inhaled Drug Products (U01),"The goal of this proposal is to develop a computational fluid dynamics (CFD) model of orally inhaled drug products that can account for drug product characteristics (aerodynamic particle size distribution, APSD) and physiological parameters (breathing pattern and airway geometry) on total and region",A mechanistic framework for a priori pharmacokinetic predictions of orally inhaled drugs,"The fate of orally inhaled drugs is determined by pulmonary pharmacokinetic (PK) processes such as particle deposition, pulmonary drug dissolution, and mucociliary clearance. Although each single process has been systematically investigated, a quantitative understanding on their interaction remains limited and hence identifying optimal drug and formulation characteristics for orally inhaled drugs is still challenging. To investigate this complex interplay, the pulmonary processes can be integrated into mathematical models. However, existing modeling attempts considerably simplify these processes or are not systematically evaluated against (clinical) data. In this work, we developed a mathematical framework based on physiologically-structured population equations to integrate all relevant pulmonary processes mechanistically. A tailored numerical resolution strategy was chosen and the mechanistic model was evaluated systematically against different clinical datasets. Without any parameter estimation based on individual study data, the developed model simultaneously predicted (1) lung retention profiles of inhaled insoluble particles, (2) particle size-dependent PK of inhaled monodisperse particles, (3) PK differences between inhaled fluticasone propionate and budesonide, and (4) PK differences between healthy volunteers and asthmatic patients. Finally, to identify the most impactful optimization criteria for orally inhaled drugs, we investigated the impact of input parameters on both pulmonary and systemic exposure. Solubility of the inhaled drug did not have any relevant impact on local and systemic PK. Instead, pulmonary dissolution rate, particle size, tissue affinity, and systemic clearance were impactful potential optimization parameters. In the future, the developed prediction framework should be considered a powerful tool to identify optimal drug and formulation characteristics.",
GS_002,raw,raw,biomed,biomed,biomed,biomed,early_2008_2012,high,2010,60697,1810.06911,0.298508,-2855,0,,,2010-12-22,2018-10-16,Cyber-Physical Systems,"The term ""cyber-physical systems"" refers to the tight conjoining of and coordination between computational and physical resources. We envision that the cyber-physical systems of tomorrow will far exceed those of today in terms of adaptability, autonomy, efficiency, functionality, reliability, safety","Cyber-Physical Systems, a new formal paradigm to model redundancy and resiliency","Cyber-Physical Systems (CPS) are systems composed by a physical component that is controlled or monitored by a cyber-component, a computer-based algorithm. Advances in CPS technologies and science are enabling capability, adaptability, scalability, resiliency, safety, security, and usability that will far exceed the simple embedded systems of today. CPS technologies are transforming the way people interact with engineered systems. New smart CPS are driving innovation in various sectors such as agriculture, energy, transportation, healthcare, and manufacturing. They are leading the 4-th Industrial Revolution (Industry 4.0) that is having benefits thanks to the high flexibility of production. The Industry 4.0 production paradigm is characterized by high intercommunicating properties of its production elements in all the manufacturing processes. This is the reason it is a core concept how the systems should be structurally optimized to have the adequate level of redundancy to be satisfactorily resilient. This goal can benefit from formal methods well known in various scientific domains such as artificial intelligence. So, the current research concerns the proposal of a CPS meta-model and its instantiation. In this way it lists all kind of relationships that may occur between the CPSs themselves and between their (cyber-and physical-) components. Using the CPS meta-model formalization, with an adaptation of the Formal Concept Analysis (FCA) formal approach, this paper presents a way to optimize the modelling of CPS systems emphasizing their redundancy and their resiliency.",
GS_003,raw,raw,biomed,biomed,biomed,biomed,early_2008_2012,high,2011,98315,2303.07789,0.276338,-4297,0,,,2011-06-08,2023-03-14,Studies in Neonatal Resuscitation (R21),"The purpose of this FOA is to stimulate research on a wide range of topics related to neonatal resuscitation. Possible topics may include, but are not limited to: fetal-neonatal transitional cardiovascular and pulmonary physiology, optimizing steps of resuscitation, management of third stage of labo",Activity Recognition From Newborn Resuscitation Videos,"Objective: Birth asphyxia is one of the leading causes of neonatal deaths. A key for survival is performing immediate and continuous quality newborn resuscitation. A dataset of recorded signals during newborn resuscitation, including videos, has been collected in Haydom, Tanzania, and the aim is to analyze the treatment and its effect on the newborn outcome. An important step is to generate timelines of relevant resuscitation activities, including ventilation, stimulation, suction, etc., during the resuscitation episodes. Methods: We propose a two-step deep neural network system, ORAA-net, utilizing low-quality video recordings of resuscitation episodes to do activity recognition during newborn resuscitation. The first step is to detect and track relevant objects using Convolutional Neural Networks (CNN) and post-processing, and the second step is to analyze the proposed activity regions from step 1 to do activity recognition using 3D CNNs. Results: The system recognized the activities newborn uncovered, stimulation, ventilation and suction with a mean precision of 77.67 %, a mean recall of 77,64 %, and a mean accuracy of 92.40 %. Moreover, the accuracy of the estimated number of Health Care Providers (HCPs) present during the resuscitation episodes was 68.32 %. Conclusion: The results indicate that the proposed CNN-based two-step ORAAnet could be used for object detection and activity recognition in noisy low-quality newborn resuscitation videos. Significance: A thorough analysis of the effect the different resuscitation activities have on the newborn outcome could potentially allow us to optimize treatment guidelines, training, debriefing, and local quality improvement in newborn resuscitation.",
GS_004,raw,raw,biomed,biomed,biomed,biomed,early_2008_2012,mid,2008,42244,q-bio/0606024,0.235694,752,1,,,2008-07-08,2006-06-17,Cooperative Agreement to Provide Technical Support for Mercury Reduction in Hospitals in Other Countries,The U.S. Environmental Protection Agency (EPA) is soliciting proposals from eligible parties to help reduce or eliminate mercury use in hospitals and health care clinics in other countries. The selected applicant will provide technical assistance to foreign governments (including local or provincial,Bistable equilibrium points of mercury body burden,"In the last century mercury levels in the global environment have tripled as a result of increased pollution from industrial, occupational, medicinal and domestic uses \cite{BaMe03}. Glutathione is known to be the main agent responsible for the excretion of mercury (we refer to \cite{Thim05}, \cite{ZalBar99} and \cite{Lyn02}). It has also been shown that mercury inhibits glutathione synthetase (an enzyme acting in the synthesization of Glutathione), therefore leading to decreased glutathione levels (we refer to \cite{Thim05}, \cite{GeGe05}, \cite{GeGe06} and \cite{RDeth04}). Mercury also interferes with the production of heme in the porphyrin pathway \cite{WoMaEc93}. Heme is needed for biological energy production and ability to detox organic toxins via the P450 enzymes \cite{Boy06}. The purpose of this paper is to show that body's response to mercury exposure is hysteretic, i.e. when this feedback of mercury on its main detoxifying agents is strong enough then mercury body burden has two points of equilibrium: one with normal abilities to detoxify and low levels of mercury and one with inhibited abilities to detoxify and high levels of mercury. Furthermore, a small increase of body's mercury burden may not be sufficient to trigger observable neurotoxic effects but it may be sufficient to act as a switch leading to an accumulation of mercury in the body through environmental exposure until its toxicity becomes manifest.",
GS_005,raw,raw,biomed,biomed,biomed,biomed,early_2008_2012,mid,2011,136294,1103.5954,0.170329,275,1,,,2011-12-30,2011-03-30,Suisun Bay Hydrodynamics: Interagency Ecological Progam (IEP) Fall X2 Study,"The Bureau of Reclamation (Reclamation) intends to issue a cooperative agreement to Stanford University under the authority of catalog for domestic assistance (CFDA) 15.512, Central Valley Project Improvement Act, Public Law 102-575, Section 3406(b)(1) and 3407(e). Estimated total amount of agreemen",Observations of Fallout from the Fukushima Reactor Accident in San Francisco Bay Area Rainwater,"We have observed fallout from the recent Fukushima Dai-ichi reactor accident in samples of rainwater collected in the San Francisco Bay area. Gamma ray spectra measured from these samples show clear evidence of fission products - 131,132I, 132Te, and 134,137Cs. The activity levels we have measured for these isotopes are very low and pose no health risk to the public.",
GS_006,raw,raw,biomed,biomed,biomed,biomed,early_2008_2012,low,2011,70333,1001.5007,0.1512,379,1,,,2011-02-10,2010-01-27,ROA: D.3 Unmanned Aircraft Systems Integration in the National Airspace System (UASNAS),"The National Aeronautics and Space Administration (NASA) Headquarters is releasing a NASA Research Announcement (NRA) for foundational and systems-level research in support of the Aeronautics Research Mission Directorate (ARMD). NNH10ZEA001N, entitled ""Research Opportunities in Aeronautics” will be ",Trajectory Clustering and an Application to Airspace Monitoring,"This paper presents a framework aimed at monitoring the behavior of aircraft in a given airspace. Nominal trajectories are determined and learned using data driven methods. Standard procedures are used by air traffic controllers (ATC) to guide aircraft, ensure the safety of the airspace, and to maximize the runway occupancy. Even though standard procedures are used by ATC, the control of the aircraft remains with the pilots, leading to a large variability in the flight patterns observed. Two methods to identify typical operations and their variability from recorded radar tracks are presented. This knowledge base is then used to monitor the conformance of current operations against operations previously identified as standard. A tool called AirTrajectoryMiner is presented, aiming at monitoring the instantaneous health of the airspace, in real time. The airspace is ""healthy"" when all aircraft are flying according to the nominal procedures. A measure of complexity is introduced, measuring the conformance of current flight to nominal flight patterns. When an aircraft does not conform, the complexity increases as more attention from ATC is required to ensure a safe separation between aircraft.",
GS_007,raw,raw,biomed,biomed,biomed,biomed,early_2008_2012,low,2010,55949,0711.1568,0.10073,982,1,,,2010-07-19,2007-11-10,Innovative Therapies and Tools for Screenable Disorders in Newborns (R21),"Purpose. This Funding Opportunity Announcement (FOA) issued by the Eunice Kennedy Shriver National Institute of Child Health and Human Development (NICHD), the National Institute of Diabetes and Digestive and Kidney Disease (NIDDK) and National Institute on Deafness and Other Communication Disorders",A global view of drug-therapy interactions,"Network science is already making an impact on the study of complex systems and offers a promising variety of tools to understand their formation and evolution (1-4) in many disparate fields from large communication networks (5,6), transportation infrastructures (7) and social communities (8,9) to biological systems (1,10,11). Even though new highthroughput technologies have rapidly been generating large amounts of genomic data, drug design has not followed the same development, and it is still complicated and expensive to develop new single-target drugs. Nevertheless, recent approaches suggest that multi-target drug design combined with a network-dependent approach and large-scale systems-oriented strategies (12-14) create a promising framework to combat complex multigenetic disorders like cancer or diabetes. Here, we investigate the human network corresponding to the interactions between all US approved drugs and human therapies, defined by known drug-therapy relationships. Our results show that the key paths in this network are shorter than three steps, indicating that distant therapies are separated by a surprisingly low number of chemical compounds. We also identify a sub-network composed by drugs with high centrality measures (15), which represent the structural back-bone of the drug-therapy system and act as hubs routing information between distant parts of the network. These findings provide for the first time a global map of the largescale organization of all known drugs and associated therapies, bringing new insights on possible strategies for future drug development. Special attention should be given to drugs which combine the two properties of (a) having a high centrality value and (b) acting on multiple targets.",
GS_008,raw,raw,biomed,biomed,biomed,biomed,mid_2013_2018,high,2016,281308,2101.12246,0.45521,-1821,0,,,2016-02-03,2021-01-28,The National Syndromic Surveillance Program: Enhancing Syndromic Surveillance Capacity and Practice,The National Syndromic Surveillance Program: Enhancing Syndromic Surveillance Capacity and Practice,Revisiting Non-Specific Syndromic Surveillance,"Infectious disease surveillance is of great importance for the prevention of major outbreaks. Syndromic surveillance aims at developing algorithms which can detect outbreaks as early as possible by monitoring data sources which allow to capture the occurrences of a certain disease. Recent research mainly focuses on the surveillance of specific, known diseases, putting the focus on the definition of the disease pattern under surveillance. Until now, only little effort has been devoted to what we call non-specific syndromic surveillance, i.e., the use of all available data for detecting any kind of outbreaks, including infectious diseases which are unknown beforehand. In this work, we revisit published approaches for non-specific syndromic surveillance and present a set of simple statistical modeling techniques which can serve as benchmarks for more elaborate machine learning approaches. Our experimental comparison on established synthetic data and real data in which we injected synthetic outbreaks shows that these benchmarks already achieve very competitive results and often outperform more elaborate algorithms.",
GS_009,raw,raw,biomed,biomed,biomed,biomed,mid_2013_2018,high,2014,250859,physics/0508044,0.239051,3103,1,,,2014-02-04,2005-08-07,Revision Applications for Research on Metabolic Reprogramming to Improve Immunotherapy (R01),This Funding Opportunity Announcement (FOA) invites research project grant (R01) revision applications from investigators with active NIH R01 research project grant awards to support an expansion of the scope of the funded R01 project grant awards through the addition of one or more new specific aim,Noise-induced first-order transition in anti-tumor immunotherapy,We studied the single-variable dynamics model of the tumor growth. A first-order phase transition induced by an additive noise is shown to reproduce the main features of tumor growth under immune surveillance. The critical average cells population has a power-law function relationship with the immune coefficient.,
GS_010,raw,raw,biomed,biomed,biomed,biomed,mid_2013_2018,high,2017,296014,1407.4116,0.203617,1111,1,,,2017-07-31,2014-07-16,Bison Partnership: Genetic Conservation Initiative- WICA,"BACKGROUND AND OBJECTIVES This Cooperative Agreement P17AC01030 (Agreement) is entered into by the U.S. Department of the Interior, National Park Service (NPS), and Texas A&M University, Agrilife Research (Recipient). The objective of this Agreement is to develop a long-term genetic conservation ini",Mitochondrial Genomes of Domestic Animals Need Scrutiny,"More than 1000 complete or near-complete mitochondrial DNA (mtDNA) sequences have been deposited in GenBank for eight common domestic animals (i.e. cattle, dog, goat, horse, pig, sheep, yak and chicken) and their close wild ancestors or relatives. Nevertheless, few efforts have been performed to evaluate the sequence data quality, which heavily impact the original conclusion. Herein, we conducted a phylogenetic survey of these complete or near-complete mtDNA sequences based on mtDNA haplogroup trees for the eight animals. We show that, errors due to artificial recombination, surplus of mutations, and phantom mutations, do exist in 14.5% (194/1342) of mtDNA sequences and shall be treated with wide caution. We propose some caveats for mtDNA studies of domestic animals in the future.",
GS_011,raw,raw,biomed,biomed,biomed,biomed,mid_2013_2018,mid,2014,260569,1309.0456,0.170745,331,1,,,2014-07-30,2013-09-02,NIDDK Central Repositories Non-renewable Sample Access (X01),The NIDDK Central Repositories house valuable samples and data from numerous major clinical studies. This FOA allows investigators to apply for access to non-renewable samples from one or more of these studies. Information about the samples available can be found at www.niddkrepository.org. Applican,The Harmony Platform,"According to Wikipedia, The Mining Software Repositories (MSR) field analyzes the rich data available in software repositories, such as version control repositories, mailing list archives, bug tracking systems, issue tracking systems, etc. to uncover interesting and actionable information about software systems, projects and software engineering. The MSR field has received a great deal of attention and has now its own research conference : http://www.msrconf.org/. However performing MSR studies is still a technical challenge. Indeed, data sources (such as version control system or bug tracking systems) are highly heterogeneous. Moreover performing a study on a lot of data sources is very expensive in terms of execution time. Surprisingly, there are not so many tools able to help researchers in their MSR quests. This is why we created the Harmony platform, as a mean to assist researchers in performing MSR studies.",
GS_012,raw,raw,biomed,biomed,biomed,biomed,mid_2013_2018,mid,2015,277144,0910.0387,0.158233,2076,1,,,2015-06-09,2009-10-02,"BLM OR-WA Baker Cypress Restoration Stewardship, Redding, CA, Field Office",Background: In 1993 the Bureau of Land Management Redding Field Office acquired approximately 60 acres of land bordering an existing parcel in eastern Shasta County. PG&E acquired the new land from other private companies and then deeded the parcels to the BLM as part of a mitigation effort for a ga,Understanding forest dynamics and plantation transformation using a simple size-structured model,"Concerns about biodiversity and the long-term stability of forest ecosystems have lead to changing attitudes with respect to plantations. These artificial communities are ubiquitous, yet provide reduced habitat value in comparison to their naturally established counterparts, key factors being high density, homogeneous spatial structure, and their even-sized/aged nature. Transformation (manipulation of plantations to produce stands more reminiscent of natural ones) represents a major challenge for forest managers, and the shift from even- to uneven-aged stand management is far from simple. Tree species' attributes, too, vary dramatically. This study aims to identify generic aspects of forest population dynamics, in order to understand the temporal evolution of single species forest stands from an initial plantation lattice structure, into an ``old-growth'' state. This is achieved using a size-structured model, which implements simple rules to simulate the growth and fate of individuals in a spatial arena. We parameterise and discuss model behaviour in the context of available plantation and semi-natural data from Caledonian Scots Pine stands. We move on to illustrate the use of the model in predicting the outcome of silviculture, and discuss results in the context of stand transformation.",
GS_013,raw,raw,biomed,biomed,biomed,biomed,mid_2013_2018,low,2016,285555,q-bio/0511045,0.142156,3866,1,,,2016-06-29,2005-11-28,Inventory Climate Sensitive Arthropod Biodiversity at Denali NP&amp;P with Citizen Scientists,NOTICE OF INTENT TO AWARD This Funding Announcement is not a request for applications. This announcement is to provide public notice of the National Park Service’s intention to fund the following project activities without full and open competition. ABSTRACT Funding Announcement Number P16AC00705 Pr,The use of the GARP genetic algorithm and internet grid computing in the Lifemapper world atlas of species biodiversity,"Lifemapper (http://www.lifemapper.org) is a predictive electronic atlas of the Earth's biological biodiversity. Using a screensaver version of the GARP genetic algorithm for modeling species distributions, Lifemapper harnesses vast computing resources through 'volunteers' PCs similar to SETI@home, to develop models of the distribution of the worlds fauna and flora. The Lifemapper project's primary goal is to provide an up to date and comprehensive database of species maps and prediction models (i.e. a fauna and flora of the world) using available data on species' locations. The models are developed using specimen data from distributed museum collections and an archive of geospatial environmental correlates. A central server maintains a dynamic archive of species maps and models for research, outreach to the general community, and feedback to museum data providers. This paper is a case study in the role, use and justification of a genetic algorithm in development of large-scale environmental informatics infrastructure.",
GS_014,raw,raw,biomed,biomed,biomed,biomed,mid_2013_2018,low,2018,305566,1702.06342,0.101636,457,1,,,2018-05-24,2017-02-21,Retaining Employment and Talent After Injury/Illness Network (RETAIN) Demonstration Projects,"The Office of Disability Employment Policy (ODEP), incollaboration with the Employment and Training Administration (ETA), U.S.Department of Labor (DOL, the Department, or we), and the Social SecurityAdministration (SSA) announce the availability of approximately $20,000,000 infunds authorized by Sec",Network support of talented people,"Network support is a key success factor for talented people. As an example, the Hungarian Talent Support Network involves close to 1500 Talent Points and more than 200,000 people. This network started the Hungarian Templeton Program identifying and helping 315 exceptional cognitive talents. This network is a part of the European Talent Support Network initiated by the European Council for High Ability involving more than 300 organizations in over 30 countries in Europe and extending in other continents. These networks are giving good examples that talented people often occupy a central, but highly dynamic position in social networks. The involvement of such 'creative nodes' in network-related decision making processes is vital, especially in novel environmental challenges. Such adaptive/learning responses characterize a large variety of complex systems from proteins, through brains to society. It is crucial for talent support programs to use these networking and learning processes to increase their efficiency further.",
GS_015,raw,raw,biomed,biomed,biomed,biomed,recent_2019_2024,high,2022,344521,2410.06586,0.525868,-666,0,,,2022-12-13,2024-10-09,Supporting the use of Real-World Data to Generate Real-World Evidence in Regulatory Decision-Making (U01) Clinical Trials Optional,The purpose of this Funding Opportunity Announcement (FOA) is to address topics related to FDA's Real-World Evidence (RWE) Program and to enable FDA to assess the potential utility of real-world data (RWD) in generating RWE.,Use of Real-World Data and Real-World Evidence in Rare Disease Drug Development: A Statistical Perspective,"Real-world data (RWD) and real-world evidence (RWE) have been increasingly used in medical product development and regulatory decision-making, especially for rare diseases. After outlining the challenges and possible strategies to address the challenges in rare disease drug development (see the accompanying paper), the Real-World Evidence (RWE) Scientific Working Group of the American Statistical Association Biopharmaceutical Section reviews the roles of RWD and RWE in clinical trials for drugs treating rare diseases. This paper summarizes relevant guidance documents and frameworks by selected regulatory agencies and the current practice on the use of RWD and RWE in natural history studies and the design, conduct, and analysis of rare disease clinical trials. A targeted learning roadmap for rare disease trials is described, followed by case studies on the use of RWD and RWE to support a natural history study and marketing applications in various settings.",
GS_016,raw,raw,biomed,biomed,biomed,biomed,recent_2019_2024,high,2019,322876,1805.01075,0.216632,581,1,,,2019-12-05,2018-05-03,Notice of Intent: Operation of the Mid-America Integrated Seismic Network 2020-2024&#8212;CERI,"Notice of Intent to award a cooperative agreement to the University of Memphis in support of the proposal entitled ""Operation of the Mid-AmericaIntegrated Seismic Network - CERI"". The recipient will be responsible for: operating and maintaining seismic stations and associated station metadata that m",Generalized Seismic Phase Detection with Deep Learning,"To optimally monitor earthquake-generating processes, seismologists have sought to lower detection sensitivities ever since instrumental seismic networks were started about a century ago. Recently, it has become possible to search continuous waveform archives for replicas of previously recorded events (template matching), which has led to at least an order of magnitude increase in the number of detected earthquakes and greatly sharpened our view of geological structures. Earthquake catalogs produced in this fashion, however, are heavily biased in that they are completely blind to events for which no templates are available, such as in previously quiet regions or for very large magnitude events. Here we show that with deep learning we can overcome such biases without sacrificing detection sensitivity. We trained a convolutional neural network (ConvNet) on the vast hand-labeled data archives of the Southern California Seismic Network to detect seismic body wave phases. We show that the ConvNet is extremely sensitive and robust in detecting phases, even when masked by high background noise, and when the ConvNet is applied to new data that is not represented in the training set (in particular, very large magnitude events). This generalized phase detection (GPD) framework will significantly improve earthquake monitoring and catalogs, which form the underlying basis for a wide range of basic and applied seismological research.",
GS_017,raw,raw,biomed,biomed,biomed,biomed,recent_2019_2024,mid,2021,337149,2011.07679,0.181326,407,1,,,2021-12-28,2020-11-16,U.S. Mission to Indonesia Annual Program Statement,"Purpose of Small Grants The U.S. Embassy’s Public Affairs Section (PAS) in Jakarta invites proposals for projects that further and support the strategic partnership between Indonesia and the U.S. through educational, cultural, informational, and media programming that highlights shared values and pr",Critical data analysis of COVID-19 spreading in Indonesia to measure the readiness of new-normal policy,"COVID-19 pandemic has become a global issue nowadays. Various efforts have been made to break the chain of the spread of the COVID-19. Indonesia's government issued a large-scale social restrictions policy to prevent the spread of the COVID-19. However, large-scale social restrictions policy impacted the economy of the Indonesian. After several considerations, the Indonesian government implemented a new-normal policy, which regulates the activities outside the home with strict health protocols. This study's objective is to measure Indonesia's readiness level after the large-scale social restrictions period towards the new-normal period. To specify the readiness level, the measurement parameters required in the form of statistical analysis and forecasting modeling. Based on the results of statistical analysis and forecasting, over the past month, new confirmed cases increased more than two times. Besides, the growth rate of new confirmed cases dramatically increased rapidly compared to the prediction results. Therefore, the government must review the new-normal policy again and emphasize economic factors and think about health factors",
GS_018,raw,raw,biomed,biomed,biomed,biomed,recent_2019_2024,mid,2022,338689,1208.3502,0.160967,3498,1,,,2022-03-15,2012-08-16,Converting UNF Radioisotopes into Energy SBIR/STTR (CURIE SBIR/STTR).,"FOA number: DE-FOA-0002692 Converting UNF Radioisotopes into Energy SBIR/STTR (CURIE SBIR/STTR). To obtain a copy of the Funding Opportunity Announcement (FOA) please go to the ARPA-E website at https://arpa-e-foa.energy.gov. To apply to this FOA, Applicants must register with and submit application",Recovery of radioisotopes from nuclear waste for radio-scintillator-luminescence energy applications,"Extraction of the light weight radioisotopes (LWR) 89Sr/90Sr, from the expended nuclear bars in the Fukushima reactor, should have decreased the extent of contamination during the course of the accident. 89Sr applications could pay for the extraction of 89Sr/90Sr from nuclear residues. Added value could be obtained by using 89Sr for cancer treatments. Known technologies could be used to relate into innovative ways LWR, to obtain nuclear energy at battery scale. LWR interact by contact with scintillators converting \beta-radiation into light-energy. This would lead to manufacturing scintillator lamps which operate independently of other source of energy. These lamps could be used to generate photoelectric energy. Engineering of radioisotopes scintillator photovoltaic cells, would lead to devices without moving parts.",
GS_019,raw,raw,biomed,biomed,biomed,biomed,recent_2019_2024,low,2019,322441,1903.02795,0.14183,250,1,,,2019-11-12,2019-03-07,R7 Alaska - FY20 Sport Fish Restoration Grant Program- State Fish and Wildlife Agencies Only,"The Sport Fish Restoration Act of 1950 (Dingell-Johnson Sport Fish Restoration Act), 64 Stat. 430 as amended; 16 U.S.C. § 777-777n, except e-1 and g-1, was enacted on August 9, 1950. It was modeled after the Pittman-Robertson Wildlife Restoration Act to create a parallel program for management, cons","Combining sale records of landings and fishers knowledge for predicting metiers in a small-scale, multi-gear, multispecies fishery","Stock management should be guided by assessment models that, among others, need to be fed by reliable data of catch and effort. However, precise data are difficult to obtain in heterogeneous fisheries. Specifically, small scale, multi gear, multispecies fisheries are dynamic systems where fishers may lively change fishing strategy conditioned by multiple drivers. Provided that some stocks can be shared by several metiers, a precise categorization of metiers should be the first step toward metier specific estimates of catch and effort, which in turn would allow a better understanding of the system dynamics. Here we propose an approach for predicting the metier of any given fishing trip from its landing records. This approach combines the knowledge of expert fishers with the existing sales register of landings in Mallorca. It successfully predicts metiers for all the 162815 small scale fishery fishing trips from Mallorca between 2004 and 2015. The largest effort is invested in the metiers Cuttlefish Fish and Spiny lobster, landings peak for Cuttlefish Fish and Dolphinfish and revenues for Spiny lobster and Dolphinfish. Metier predictions also allowed us to describe the temporal trends experienced by each metier and to characterize the species that are specific to each metier. Seasonal variability is by far more relevant than between year variability, which confirms that at least some fishers are adopting a rotation cycle of metiers along the year. Effort, landings and gross revenues decreased in the last 12 years. The approach proposed is also applicable to any other fishery for which the metier for a fishing trip sample is known, but relying on fishers expertise points more directly to fishers intention. Thus, metier predictions produced with the proposed approach are closer to the actual uses of fishers, providing better grounds for an improved management.",
GS_020,raw,raw,biomed,biomed,biomed,biomed,recent_2019_2024,low,2021,332733,2008.02347,0.100859,246,1,,,2021-04-08,2020-08-05,Local Works in the Kyrgyz Republic,"Request for Information Subject: United States Agency for International Development (USAID)/Kyrgyz Republic, Local Works in the Kyrgyz RepublicReference: RFI-72011521RFA00007Issued: April 8, 2021Due Date: April 29, 2021, 09:00 am Bishkek timeThis request for information from The United States Agency",An Interpretable Deep Learning System for Automatically Scoring Request for Proposals,"The Managed Care system within Medicaid (US Healthcare) uses Request For Proposals (RFP) to award contracts for various healthcare and related services. RFP responses are very detailed documents (hundreds of pages) submitted by competing organisations to win contracts. Subject matter expertise and domain knowledge play an important role in preparing RFP responses along with analysis of historical submissions. Automated analysis of these responses through Natural Language Processing (NLP) systems can reduce time and effort needed to explore historical responses, and assisting in writing better responses. Our work draws parallels between scoring RFPs and essay scoring models, while highlighting new challenges and the need for interpretability. Typical scoring models focus on word level impacts to grade essays and other short write-ups. We propose a novel Bi-LSTM based regression model, and provide deeper insight into phrases which latently impact scoring of responses. We contend the merits of our proposed methodology using extensive quantitative experiments. We also qualitatively asses the impact of important phrases using human evaluators. Finally, we introduce a novel problem statement that can be used to further improve the state of the art in NLP based automatic scoring systems.",
GS_021,raw,raw,cs,cs,cs,cs,early_2008_2012,high,2009,46271,1904.05211,0.447143,-3669,0,,,2009-03-24,2019-04-10,Gravitational Physics,"Emphasizes the theory of strong gravitational fields and their application to astrophysics and cosmology, computer simulations of strong and gravitational fields, and gravitational radiation; and construction of a quantum theory of gravity. The program oversees the management of the construction, co",Applicability study of the PRIMAD model to LIGO gravitational wave search workflows,"The PRIMAD model with its six components (i.e., Platform, Research Objective, Implementation, Methods, Actors, and Data), provides an abstract taxonomy to represent computational experiments and enforce reproducibility by design. In this paper, we assess the model applicability to a set of Laser Interferometer Gravitational-Wave Observatory (LIGO) workflows from literature sources (i.e., published papers). Our work outlines potentials and limits of the model in terms of its abstraction levels and application process.",
GS_022,raw,raw,cs,cs,cs,cs,early_2008_2012,high,2011,134993,1810.06911,0.326835,-2493,0,,,2011-12-19,2018-10-16,Cyber-Physical Systems,"Cyber-physical systems (CPS) are engineered systems that are built from and depend upon the synergy of computational and physical components. Emerging CPS will be coordinated, distributed, and connected, and must be robust and responsive. The CPS of tomorrow will need to far exceed the systems of to","Cyber-Physical Systems, a new formal paradigm to model redundancy and resiliency","Cyber-Physical Systems (CPS) are systems composed by a physical component that is controlled or monitored by a cyber-component, a computer-based algorithm. Advances in CPS technologies and science are enabling capability, adaptability, scalability, resiliency, safety, security, and usability that will far exceed the simple embedded systems of today. CPS technologies are transforming the way people interact with engineered systems. New smart CPS are driving innovation in various sectors such as agriculture, energy, transportation, healthcare, and manufacturing. They are leading the 4-th Industrial Revolution (Industry 4.0) that is having benefits thanks to the high flexibility of production. The Industry 4.0 production paradigm is characterized by high intercommunicating properties of its production elements in all the manufacturing processes. This is the reason it is a core concept how the systems should be structurally optimized to have the adequate level of redundancy to be satisfactorily resilient. This goal can benefit from formal methods well known in various scientific domains such as artificial intelligence. So, the current research concerns the proposal of a CPS meta-model and its instantiation. In this way it lists all kind of relationships that may occur between the CPSs themselves and between their (cyber-and physical-) components. Using the CPS meta-model formalization, with an adaptation of the Formal Concept Analysis (FCA) formal approach, this paper presents a way to optimize the modelling of CPS systems emphasizing their redundancy and their resiliency.",
GS_023,raw,raw,cs,cs,cs,cs,early_2008_2012,high,2010,53999,2009.10679,0.271332,-3805,0,,,2010-04-23,2020-09-22,Assistance to Firefighters Grants,Assistance to Firefighters Grant Program (AFG) provides financial assistance directly to fire departments and nonaffiliated EMS organizations to enhance their capabilities with respect to fire and fire-related hazards. Our primary goal is to help fire departments and nonaffiliated EMS organizations ,An embedded deep learning system for augmented reality in firefighting applications,"Firefighting is a dynamic activity, in which numerous operations occur simultaneously. Maintaining situational awareness (i.e., knowledge of current conditions and activities at the scene) is critical to the accurate decision-making necessary for the safe and successful navigation of a fire environment by firefighters. Conversely, the disorientation caused by hazards such as smoke and extreme heat can lead to injury or even fatality. This research implements recent advancements in technology such as deep learning, point cloud and thermal imaging, and augmented reality platforms to improve a firefighter's situational awareness and scene navigation through improved interpretation of that scene. We have designed and built a prototype embedded system that can leverage data streamed from cameras built into a firefighter's personal protective equipment (PPE) to capture thermal, RGB color, and depth imagery and then deploy already developed deep learning models to analyze the input data in real time. The embedded system analyzes and returns the processed images via wireless streaming, where they can be viewed remotely and relayed back to the firefighter using an augmented reality platform that visualizes the results of the analyzed inputs and draws the firefighter's attention to objects of interest, such as doors and windows otherwise invisible through smoke and flames.",
GS_024,raw,raw,cs,cs,cs,cs,early_2008_2012,mid,2009,46234,0903.1204,0.264276,17,1,,,2009-03-23,2009-03-06,NanoManufacturing,"The NM program supports research and education on manufacturing at the nanoscale, and the transfer ??of research results in nanoscience and nanotechnology to industrial applications. The program emphasizes a systems approach to scale-up of nanotechnology for high rate production, reliability, robust",Quantum Information Science and Nanotechnology,In this note is touched upon an application of quantum information science (QIS) in nanotechnology area. The laws of quantum mechanics may be very important for nano-scale objects. A problem with simulating of quantum systems is well known and quantum computer was initially suggested by R. Feynman just as the way to overcome such difficulties. Mathematical methods developed in QIS also may be applied for description of nano-devices. Few illustrative examples are mentioned and they may be related with so-called fourth generation of nanotechnology products.,
GS_025,raw,raw,cs,cs,cs,cs,early_2008_2012,mid,2010,51655,0903.1204,0.246891,336,1,,,2010-02-05,2009-03-06,Nanotechnology Undergraduate Education (NUE) in Engineering,"This solicitation aims at introducing nanoscale science, engineering, and technology through a variety of interdisciplinary approaches into undergraduate engineering education. The focus of this year's competition is on nanoscale engineering education with relevance to devices and systems and/or on ",Quantum Information Science and Nanotechnology,In this note is touched upon an application of quantum information science (QIS) in nanotechnology area. The laws of quantum mechanics may be very important for nano-scale objects. A problem with simulating of quantum systems is well known and quantum computer was initially suggested by R. Feynman just as the way to overcome such difficulties. Mathematical methods developed in QIS also may be applied for description of nano-devices. Few illustrative examples are mentioned and they may be related with so-called fourth generation of nanotechnology products.,
GS_026,raw,raw,cs,cs,cs,cs,early_2008_2012,low,2012,213173,0803.3515,0.18735,1741,1,,,2012-12-30,2008-03-25,"Monitoring of Nesting CLT and WSP at MCBCP, CA","The purpose of this Agreement is to provide the Navy and the Marine Corps with a report of the nesting activity of the California Least Tern (Sternula antillarum browni) and Western Snowy Plover (Charadrius nivosus nivosus) on Marine Corps Base, Camp Pendleton, California, hereinafter referred to as",Geographic Information Systems in Evaluation and Visualization of Construction Schedule,Commercially available scheduling tools such as Primavera and Microsoft Project fail to provide information pertaining to the spatial aspects of construction project. A methodology using geographical information systems (GIS) is developed to represent spatial aspects of the construction progress graphically by synchronizing it with construction schedule. The spatial aspects are depicted by 3D model developed in AutoCAD and construction schedule is generated using Microsoft Excel. Spatial and scheduling information are linked together into the GIS environment (ArcGIS). The GIS-based system developed in this study may help in better understanding the schedule along with its spatial aspects.,
GS_027,raw,raw,cs,cs,cs,cs,early_2008_2012,low,2010,59455,1012.1665,0.126983,6,1,,,2010-12-14,2010-12-08,A Computationally Efficient Method for High Energy Charged Particle Transport,BROAD AGENCY ANNOUNCEMENT BAA-RV-10-01 Air Force Research Laboratory/Space Vehicles Directorate PROPOSAL CALL ANNOUNCEMENT (CALL) 1. BROAD AGENCY ANNOUNCEMENT TITLE: Space Vehicles Battlespace Environment Division research Interests – Kirtland 2. BROAD AGENCY ANNOUNCEMENT NUMBER: BAA-RV-10-01 3. PRO,An In-depth Analysis of Spam and Spammers,"Electronic mail services have become an important source of communication for millions of people all over the world. Due to this tremendous growth, there has been a significant increase in spam traffic. Spam messes up user's inbox, consumes network resources and spread worms and viruses. In this paper we study the characteristics of spam and the technology used by spammers. In order to counter anti spam technology, spammers change their mode of operation, therefore continues evaluation of the characteristics of spam and spammers technology has become mandatory. These evaluations help us to enhance the existing anti spam technology and thereby help us to combat spam effectively. In order to characterize spam, we collected four hundred thousand spam mails from a corporate mail server for a period of 14 months from January 2006 to February 2007. For analysis we classified spam based on attachment and contents. We observed that spammers use software tools to send spam with attachment. The main features of this software are hiding sender's identity, randomly selecting text messages, identifying open relay machines, mass mailing capability and defining spamming duration. Spammers do not use spam software to send spam without attachment. From our study we observed that, four years old heavy users email accounts attract more spam than four years old light users mail accounts. Relatively new email accounts which are 14 months old do not receive spam. But in some special cases like DDoS attacks, we found that new email accounts receive spam and 14 months old heavy users email accounts have attracted more spam than 14 months old light users. We believe that this analysis could be useful to develop more efficient anti spam techniques.",
GS_028,raw,raw,cs,cs,cs,cs,mid_2013_2018,high,2013,236600,2111.09502,0.416643,-3074,0,,,2013-06-19,2021-11-18,Drug Docking and Screening Data Resource (U01),"The purpose of this Funding Opportunity Announcement (FOA) is to continue to increase the amount of publicly available, high-quality data describing structures and affinities of protein-drug ligand complexes -data vital for development, validation, and benchmarking of drug docking and screening soft",Docking-based Virtual Screening with Multi-Task Learning,"Machine learning shows great potential in virtual screening for drug discovery. Current efforts on accelerating docking-based virtual screening do not consider using existing data of other previously developed targets. To make use of the knowledge of the other targets and take advantage of the existing data, in this work, we apply multi-task learning to the problem of docking-based virtual screening. With two large docking datasets, the results of extensive experiments show that multi-task learning can achieve better performances on docking score prediction. By learning knowledge across multiple targets, the model trained by multi-task learning shows a better ability to adapt to a new target. Additional empirical study shows that other problems in drug discovery, such as the experimental drug-target affinity prediction, may also benefit from multi-task learning. Our results demonstrate that multi-task learning is a promising machine learning approach for docking-based virtual screening and accelerating the process of drug discovery.",
GS_029,raw,raw,cs,cs,cs,cs,mid_2013_2018,high,2018,301073,1607.08691,0.255282,577,1,,,2018-02-26,2016-07-29,NIJ FY18 Artificial Intelligence Technology Applied Research and Development for Law Enforcement Applications,"NIJ is seeking applications for research to apply advances in Artificial Intelligence (AI) technologies to support law enforcement in preventing, responding to, and investigating gang violence, human and drug trafficking, migrant smuggling, and/or child pornography.",A Non-Parametric Learning Approach to Identify Online Human Trafficking,"Human trafficking is among the most challenging law enforcement problems which demands persistent fight against from all over the globe. In this study, we leverage readily available data from the website ""Backpage""-- used for classified advertisement-- to discern potential patterns of human trafficking activities which manifest online and identify most likely trafficking related advertisements. Due to the lack of ground truth, we rely on two human analysts --one human trafficking victim survivor and one from law enforcement, for hand-labeling the small portion of the crawled data. We then present a semi-supervised learning approach that is trained on the available labeled and unlabeled data and evaluated on unseen data with further verification of experts.",
GS_030,raw,raw,cs,cs,cs,cs,mid_2013_2018,high,2014,260088,1405.2407,0.237043,74,1,,,2014-07-23,2014-05-10,2014 Continue Billings Archives Partnership,"This is NOT a solicitation for applications. This is just an announcement that the Woodstock Foundation, Inc. has been selected for their work on this project. As such, the Foundation will: 1. Support research projects by conducting archival searches for references to Park collections and historic r",The Past and the Future of Holocaust Research: From Disparate Sources to an Integrated European Holocaust Research Infrastructure,"The European Holocaust Research Infrastructure (EHRI) has been set up by the European Union to create a sustainable complex of services for researchers. EHRI will bring together information about dispersed collections, based on currently more than 20 partner organisations in 13 countries and many other archives. EHRI, which brings together historians, archivists and specialists in digital humanities, strives to develop innovative on-line tools for finding, researching and sharing knowledge about the Holocaust. While connecting information about Holocaust collections, it strives to create tools and approaches applicable to other digital archival projects. The paper describes its current progress and collaboration across the disciplines involved.",
GS_031,raw,raw,cs,cs,cs,cs,mid_2013_2018,mid,2018,306243,1708.02174,0.207463,310,1,,,2018-06-13,2017-08-07,Develop a Groundwater Management Tool,This project will work to finalize data management protocols for caves and hydrology at Grand Canyon National Park. The project will then create a scientifically defensible plan for a monitoring network with the aim of representing the variability in aquifer behavior found within the park. B. Projec,Code Park: A New 3D Code Visualization Tool,"We introduce Code Park, a novel tool for visualizing codebases in a 3D game-like environment. Code Park aims to improve a programmer's understanding of an existing codebase in a manner that is both engaging and intuitive, appealing to novice users such as students. It achieves these goals by laying out the codebase in a 3D park-like environment. Each class in the codebase is represented as a 3D room-like structure. Constituent parts of the class (variable, member functions, etc.) are laid out on the walls, resembling a syntax-aware ""wallpaper"". The users can interact with the codebase using an overview, and a first-person viewer mode. We conducted two user studies to evaluate Code Park's usability and suitability for organizing an existing project. Our results indicate that Code Park is easy to get familiar with and significantly helps in code understanding compared to a traditional IDE. Further, the users unanimously believed that Code Park was a fun tool to work with.",
GS_032,raw,raw,cs,cs,cs,cs,mid_2013_2018,mid,2013,213593,0901.2094,0.191258,1450,1,,,2013-01-03,2009-01-14,Sensors and Sensing Systems,"The Sensors and Sensing System (SSS) program funds fundamental research on sensors and sensing systems. Such fundamental research includes the discovery and characterization of new sensing modalities, fundamental theories for aggregation and analysis of sensed data, fundamentally new approaches for ",The Sensing Capacity of Sensor Networks,"This paper demonstrates fundamental limits of sensor networks for detection problems where the number of hypotheses is exponentially large. Such problems characterize many important applications including detection and classification of targets in a geographical area using a network of sensors, and detecting complex substances with a chemical sensor array. We refer to such applications as largescale detection problems. Using the insight that these problems share fundamental similarities with the problem of communicating over a noisy channel, we define a quantity called the sensing capacity and lower bound it for a number of sensor network models. The sensing capacity expression differs significantly from the channel capacity due to the fact that a fixed sensor configuration encodes all states of the environment. As a result, codewords are dependent and non-identically distributed. The sensing capacity provides a bound on the minimal number of sensors required to detect the state of an environment to within a desired accuracy. The results differ significantly from classical detection theory, and provide an ntriguing connection between sensor networks and communications. In addition, we discuss the insight that sensing capacity provides for the problem of sensor selection.",
GS_033,raw,raw,cs,cs,cs,cs,mid_2013_2018,low,2017,291731,1702.00137,0.169877,8,1,,,2017-02-09,2017-02-01,EARLY CAREER FACULTY (ECF),"The National Aeronautics and Space Administration (NASA) Headquarters has released a solicitation, titled Early Career Faculty (ECF), as an appendix to the Space Technology Mission Directorate (STMD) umbrella NASA Research Announcement (NRA) titled ""Space Technology Research, Development, Demonstrat",Blue Sky Ideas in Artificial Intelligence Education from the EAAI 2017 New and Future AI Educator Program,"The 7th Symposium on Educational Advances in Artificial Intelligence (EAAI'17, co-chaired by Sven Koenig and Eric Eaton) launched the EAAI New and Future AI Educator Program to support the training of early-career university faculty, secondary school faculty, and future educators (PhD candidates or postdocs who intend a career in academia). As part of the program, awardees were asked to address one of the following ""blue sky"" questions: * How could/should Artificial Intelligence (AI) courses incorporate ethics into the curriculum? * How could we teach AI topics at an early undergraduate or a secondary school level? * AI has the potential for broad impact to numerous disciplines. How could we make AI education more interdisciplinary, specifically to benefit non-engineering fields? This paper is a collection of their responses, intended to help motivate discussion around these issues in AI education.",
GS_034,raw,raw,cs,cs,cs,cs,mid_2013_2018,low,2015,280752,1409.2612,0.145279,477,1,,,2015-12-30,2014-09-09,FY2016 to FY2017 NOAA Broad Agency Announcement (BAA),"This notice is not a mechanism to fund existing NOAA awards. The purpose of this notice is to request applications for special projects and programs associated with NOAA's strategic plan and mission goals, as well as to provide the general public with information and guidelines on how NOAA will sele",A simple proof of the completeness of APAL,We provide a simple proof of the completeness of arbitrary public announcement logic APAL. The proof is an improvement over the proof found in the publication Knowable as Known after an Announcement.,
GS_035,raw,raw,cs,cs,cs,cs,recent_2019_2024,high,2021,334291,2202.05714,0.434844,-233,0,,,2021-06-23,2022-02-11,Cooperative Agreement for CESU-affiliated Partner with Great Lakes Cooperative Ecosystem Studies Unit,"The USGS is offering a funding opportunity to a CESU partner for research in stream and reservoir water quality modeling, with a focus on temperature. Water temperature is a “master variable” for many important aquatic outcomes, including the suitability of habitat, evaporation rates, greenhouse gas",Modeling Reservoir Release Using Pseudo-Prospective Learning and Physical Simulations to Predict Water Temperature,"This paper proposes a new data-driven method for predicting water temperature in stream networks with reservoirs. The water flows released from reservoirs greatly affect the water temperature of downstream river segments. However, the information of released water flow is often not available for many reservoirs, which makes it difficult for data-driven models to capture the impact to downstream river segments. In this paper, we first build a state-aware graph model to represent the interactions amongst streams and reservoirs, and then propose a parallel learning structure to extract the reservoir release information and use it to improve the prediction. In particular, for reservoirs with no available release information, we mimic the water managers' release decision process through a pseudo-prospective learning method, which infers the release information from anticipated water temperature dynamics. For reservoirs with the release information, we leverage a physics-based model to simulate the water release temperature and transfer such information to guide the learning process for other reservoirs. The evaluation for the Delaware River Basin shows that the proposed method brings over 10\% accuracy improvement over existing data-driven models for stream temperature prediction when the release data is not available for any reservoirs. The performance is further improved after we incorporate the release data and physical simulations for a subset of reservoirs.",
GS_036,raw,raw,cs,cs,cs,cs,recent_2019_2024,high,2022,338667,2105.02746,0.245281,312,1,,,2022-03-14,2021-05-06,Short-Term Research Education Experiences to Attract Talented Students to Biomedical Informatics/Data Science Careers and Enhance Diversity (R25 Clinical Trial Not Allowed),"The purpose of this NLM R25 program is to support short-term educational activities that encourage undergraduates and masters students from diverse backgrounds, including those from groups underrepresented in the biomedical and behavioral sciences, to pursue further training and careers in biomedica",Introducing Information Retrieval for Biomedical Informatics Students,"Introducing biomedical informatics (BMI) students to natural language processing (NLP) requires balancing technical depth with practical know-how to address application-focused needs. We developed a set of three activities introducing introductory BMI students to information retrieval with NLP, covering document representation strategies and language models from TF-IDF to BERT. These activities provide students with hands-on experience targeted towards common use cases, and introduce fundamental components of NLP workflows for a wide variety of applications.",
GS_037,raw,raw,cs,cs,cs,cs,recent_2019_2024,mid,2022,342831,2106.03085,0.211731,418,1,,,2022-07-29,2021-06-06,Climate Program Office FY 2023,"Climate variability and change present society with significant economic, health, safety, and security challenges. As part of the National Oceanic and Atmospheric Administration (NOAA) climate portfolio within the Office of Oceanic and Atmospheric Research (OAR), the Climate Program Office (CPO) add",An Ontology Model for Climatic Data Analysis,"Recently ontologies have been exploited in a wide range of research areas for data modeling and data management. They greatly assists in defining the semantic model of the underlying data combined with domain knowledge. In this paper, we propose the Climate Analysis (CA) Ontology to model climate datasets used by remote sensing analysts. We use the data published by National Oceanic and Atmospheric Administration (NOAA) to further explore how ontology modeling can be used to facilitate the field of climatic data processing. The idea of this work is to convert relational climate data to the Resource Description Framework (RDF) data model, so that it can be stored in a graph database and easily accessed through the Web as Linked Data. Typically, this provides climate researchers, who are interested in datasets such as NOAA, with the potential of enriching and interlinking with other databases. As a result, our approach facilitates data integration and analysis of diverse climatic data sources and allows researchers to interrogate these sources directly on the Web using the standard SPARQL query language.",
GS_038,raw,raw,cs,cs,cs,cs,recent_2019_2024,mid,2021,336362,1901.10268,0.193668,1010,1,,,2021-11-04,2019-01-29,English Access&#8239;Microscholarship&#8239;Program&#8239;,"The US Embassy Nairobi invites interested applicants to submit proposals from implementing partners for 2022 -2023 English Access Microscholarship Program (Access) in response to the reference Notice of Funding Announcement (NOFO). Due to the uncertain situation with the COVID19 pandemic in Kenya, t",Performance comparison of an AI-based Adaptive Learning System in China,"Adaptive learning systems stand apart from traditional learning systems by offering a personalized learning experience to students according to their different knowledge states. Adaptive systems collect and analyse students' behavior data, update learner profiles, then accordingly provide timely individualized feedback to each student. Such interactions between the learning system and students can improve the engagement of students and the efficiency of learning. This paper evaluates the effectiveness of an adaptive learning system, ""Yixue Squirrel AI"" (or Yixue), on English and math learning in middle school. The effectiveness of the Yixue's math and English learning systems is respectively compared against (1) traditional classroom math instruction conducted by expert human teachers and (2) BOXFiSH, another adaptive learning platform for English language learning. Results suggest that students achieved better performance using Yixue adaptive learning system than both traditional classroom instruction by expert teachers and another adaptive learning platform.",
GS_039,raw,raw,cs,cs,cs,cs,recent_2019_2024,low,2021,336716,2106.03085,0.172759,171,1,,,2021-11-24,2021-06-06,Proposed Cooperative Institute for Earth System Research and Data Science,"The NOAA Office of Oceanic and Atmospheric Research (OAR) invites applications for the establishment of a Cooperative Institute (CI) to assist NOAA in fulfilling NOAA’s Next Generation Strategic Plan vision of “Healthy ecosystems, communities, and economies that are resilient in the face of change.”",An Ontology Model for Climatic Data Analysis,"Recently ontologies have been exploited in a wide range of research areas for data modeling and data management. They greatly assists in defining the semantic model of the underlying data combined with domain knowledge. In this paper, we propose the Climate Analysis (CA) Ontology to model climate datasets used by remote sensing analysts. We use the data published by National Oceanic and Atmospheric Administration (NOAA) to further explore how ontology modeling can be used to facilitate the field of climatic data processing. The idea of this work is to convert relational climate data to the Resource Description Framework (RDF) data model, so that it can be stored in a graph database and easily accessed through the Web as Linked Data. Typically, this provides climate researchers, who are interested in datasets such as NOAA, with the potential of enriching and interlinking with other databases. As a result, our approach facilitates data integration and analysis of diverse climatic data sources and allows researchers to interrogate these sources directly on the Web using the standard SPARQL query language.",
GS_040,raw,raw,cs,cs,cs,cs,recent_2019_2024,low,2022,339000,1507.02439,0.124587,2455,1,,,2022-03-29,2015-07-09,"Justice, Rights &amp; Security - Rapid Response (JRS-RR)",Dear Prospective Applicants: The United States Agency for International Development (USAID) is seeking applications for a cooperative agreement from qualified entities to implement rapid response assistance programming in addressing urgent emerging crises or opportunities related to justice and rule,Automated Matchmaking to Improve Accuracy of Applicant Selection for University Education System,"The accurate applicant selection for university education is imperative to ensure fairness and optimal use of institutional resources. Although various approaches are operational in tertiary educational institutions for selecting applicants, a novel method of automated matchmaking is explored in the current study. The method functions by matching a prospective students skills profile to a programmes requisites profile. Empirical comparisons of the results, calculated by automated matchmaking and two other selection methods, show matchmaking to be a viable alternative for accurate selection of applicants. Matchmaking offers a unique advantage that it neither requires data from other applicants nor compares applicants with each other. Instead, it emphasises norms that define admissibility to a programme. We have proposed the use of technology to minimize the gap between students aspirations, skill sets and course requirements. It is a solution to minimize the number of students who get frustrated because of mismatched course selection.",
GS_041,raw,raw,env_energy,env_energy,env_energy,env_energy,early_2008_2012,high,2008,44089,1705.05025,0.427059,-3299,0,,,2008-05-02,2017-05-14,Stem Cells and Cancer (R21),"Purpose. This funding opportunity announcement (FOA), issued by the National Cancer Institute (NCI), and the National Institute on Aging (NIA), encourages research in all aspects of tumor stem cell biology, including the molecular and biochemical regulation of embryonic and adult stem cell behavior ",Complexity in cancer stem cells and tumor evolution: towards precision medicine,"In this review, we discuss recent advances on the plasticity of cancer stem cells and highlight their relevance to understand the metastatic process and to guide therapeutic interventions. Recent results suggest that the strict hierarchical structure of cancer cell populations advocated by the cancer stem cell model must be reconsidered since the depletion of cancer stem cells leads the other tumor cells to switch back into the cancer stem cell phenotype. This plasticity has important implications for metastasis since migrating cells do not need to be cancer stem cells in order to seed a metastasis. We also discuss the important role of the immune system and the microenvironment in modulating phenotypic switching and suggest possible avenues to exploit our understanding of this process to develop an effective strategy for precision medicine.",
GS_042,raw,raw,env_energy,env_energy,env_energy,env_energy,early_2008_2012,high,2010,58746,0905.0994,0.28691,554,1,,,2010-11-12,2009-05-07,Methods and Approaches for Detection of Gene-Environment Interactions in Human Disease (R21),"This FOA issued by NIEHS, National Institutes of Health, encourages grant applications from institutions/organizations to develop and test innovative statistical and bioinformatics methods and analytical strategies and study designs for identifying gene-environment interactions for complex human dis",A novel approach to simulate gene-environment interactions in complex diseases,"Complex diseases are multifactorial traits caused by both genetic and environmental factors. They represent the most part of human diseases and include those with largest prevalence and mortality (cancer, heart disease, obesity, etc.). Despite of a large amount of information that have been collected about both genetic and environmental risk factors, there are relatively few examples of studies on their interactions in epidemiological literature. One reason can be the incomplete knowledge of the power of statistical methods designed to search for risk factors and their interactions in this data sets. An improving in this direction would lead to a better understanding and description of gene-environment interaction. To this aim, a possible strategy is to challenge the different statistical methods against data sets where the underlying phenomenon is completely known and fully controllable, like for example simulated ones. We present a mathematical approach that models gene-environment interactions. By this method it is possible to generate simulated populations having gene-environment interactions of any form. We implemented a simple version of this model in a Gene-Environment iNteraction Simulator (GENS), a tool designed to simulate case-control data sets where a one gene-one environment interaction influences the disease risk. The main effort has been to allow user to describe characteristics of population by using standard epidemiological measures and to implement constraints to make the simulator behavior biologically meaningful.",
GS_043,raw,raw,env_energy,env_energy,env_energy,env_energy,early_2008_2012,high,2010,52406,0812.3226,0.24003,441,1,,,2010-03-03,2008-12-17,DoD Prostate Cancer Training Award,"The PCRP Prostate Cancer Training Award mechanism was introduced in FY06. Since then, 671 applications have been received, and 220 have been recommended for funding. The Prostate Cancer Training Award supports predoctoral or postdoctoral training opportunities focused on prostate cancer research or ",BiopSym: a simulator for enhanced learning of ultrasound-guided prostate biopsy,"This paper describes a simulator of ultrasound-guided prostate biopsies for cancer diagnosis. When performing biopsy series, the clinician has to move the ultrasound probe and to mentally integrate the real-time bi-dimensional images into a three-dimensional (3D) representation of the anatomical environment. Such a 3D representation is necessary to sample regularly the prostate in order to maximize the probability of detecting a cancer if any. To make the training of young physicians easier and faster we developed a simulator that combines images computed from three-dimensional ultrasound recorded data to haptic feedback. The paper presents the first version of this simulator.",
GS_044,raw,raw,env_energy,env_energy,env_energy,env_energy,early_2008_2012,mid,2010,54887,q-bio/0612019,0.197882,1268,1,,,2010-06-01,2006-12-11,Evaluate Changes in Spruce-Fir Forests to Identify Iimpacts of Exotic Insect and Climate Change,"This is a Notice of Intent to award a Cooperative Ecosystem Studies Unit Task Agreement to the University of Tennessee, Knoxville for project titled ""Evaluate Changes in Spruce-Fir Forests to Identify Impacts of Exotic Insect and Climate Change"". The Principle Investigator for this action is Dr. Jen","Insects, Trees, and Climate: The Bioacoustic Ecology of Deforestation and Entomogenic Climate Change","Accumulating observational evidence suggests an intimate connection between rapidly expanding insect populations, deforestation, and global climate change. We review the evidence, emphasizing the vulnerability of key planetary carbon pools, especially the Earth's forests that link the micro-ecology of insect infestation to climate. We survey current research regimes and insect control strategies, concluding that at present they are insufficient to cope with the problem's present regional scale and its likely future global scale. We propose novel bioacoustic interactions between insects and trees as key drivers of infestation population dynamics and the resulting wide-scale deforestation. The bioacoustic mechanisms suggest new, nontoxic control interventions and detection strategies.",
GS_045,raw,raw,env_energy,env_energy,env_energy,env_energy,early_2008_2012,mid,2011,98357,math/0703097,0.161462,1558,1,,,2011-06-08,2007-03-03,Fluid Dynamics,The Fluid Dynamics program supports fundamental research and education on mechanisms and phenomena governing fluid flow. Proposed research should contribute to basic understanding; thus enabling the better design; predictability; efficiency; and control of systems that involve fluids. Encouraged are,The inertial dynamics of thin film flow of non-Newtonian fluids,"Consider the flow of a thin layer of non-Newtonian fluid over a solid surface. I model the case of a viscosity that depends nonlinearly on the shear-rate; power law fluids are an important example, but the analysis here is for general nonlinear dependence. The modelling allows for large changes in film thickness provided the changes occur over a large enough lateral length scale. Modifying the surface boundary condition for tangential stress forms an accessible base for the analysis where flow with constant shear is a neutral critical mode, in addition to a mode representing conservation of fluid. Perturbatively removing the modification then constructs a model for the coupled dynamics of the fluid depth and the lateral momentum. For example, the results model the dynamics of gravity currents of non-Newtonian fluids even when the flow is not very slow.",
GS_046,raw,raw,env_energy,env_energy,env_energy,env_energy,early_2008_2012,low,2011,92853,1011.4650,0.142936,170,1,,,2011-05-10,2010-11-21,"Youth Engagement, Spring Break Academy",The purpose of this task agreement against an existing cooperative agreement is to provide the NPS Spring Break Academy included are several parks for the support of the Youth engagement Initiative.,Solar Flares and the Chromosphere,"A white paper prepared for the Space Studies Board, National Academy of Sciences (USA), for its Decadal Survey of Solar and Space Physics (Heliophysics), reviewing and encouraging studies of flare physics in the chromosphere.",
GS_047,raw,raw,env_energy,env_energy,env_energy,env_energy,early_2008_2012,low,2012,166973,1012.0375,0.101023,510,1,,,2012-04-25,2010-12-02,State of Alaska Liaison and Staff Support 2012,"The US Fish and Wildlife Service, Headquarters Region 7 intends to award a single source Cooperative Agreement as authorized by 505 DM 2.14 B to Alaska Department of Fish and Game. This notice is not a request for proposals and the Government does not intend to accept proposals. Award will be made 1",Dynamic Resource Coordination and Interference Management for Femtocell Networks,Femtocell is emerging as a key technology to secure the coverage and capacity in indoor environments. However the deployment of a new femtocell layer may originate undesired interference to the whole system. This paper investigates spectrum resource coordination and interference management for the femtocell networks. A resource coordination scheme based on broadcasting resource coordination request messages by the femto mobile is proposed to reduce the system interference.,
GS_048,raw,raw,env_energy,env_energy,env_energy,env_energy,mid_2013_2018,high,2018,300280,2207.04914,0.401464,-1628,0,,,2018-01-25,2022-07-11,DARPA Subterranean (SubT) Challenge,"The goal of the DARPA Subterranean Challenge is to discover innovations that enable integrated and rapid mapping, navigation, and search of complex environments.",Team CERBERUS Wins the DARPA Subterranean Challenge: Technical Overview and Lessons Learned,"This article presents the CERBERUS robotic system-of-systems, which won the DARPA Subterranean Challenge Final Event in 2021. The Subterranean Challenge was organized by DARPA with the vision to facilitate the novel technologies necessary to reliably explore diverse underground environments despite the grueling challenges they present for robotic autonomy. Due to their geometric complexity, degraded perceptual conditions combined with lack of GPS support, austere navigation conditions, and denied communications, subterranean settings render autonomous operations particularly demanding. In response to this challenge, we developed the CERBERUS system which exploits the synergy of legged and flying robots, coupled with robust control especially for overcoming perilous terrain, multi-modal and multi-robot perception for localization and mapping in conditions of sensor degradation, and resilient autonomy through unified exploration path planning and local motion planning that reflects robot-specific limitations. Based on its ability to explore diverse underground environments and its high-level command and control by a single human supervisor, CERBERUS demonstrated efficient exploration, reliable detection of objects of interest, and accurate mapping. In this article, we report results from both the preliminary runs and the final Prize Round of the DARPA Subterranean Challenge, and discuss highlights and challenges faced, alongside lessons learned for the benefit of the community.",
GS_049,raw,raw,env_energy,env_energy,env_energy,env_energy,mid_2013_2018,high,2018,307009,1706.09216,0.236867,378,1,,,2018-07-11,2017-06-28,Baseline phenological observation of seasonal biological events,Project Goals â¿¿ The collection of phenology data would provide insight to year-over-year changes in the daily timing and extent of plant activity and reproduction. The main project goal will be to monitor agaves and ocotillos on the order of once a week for one year in all three Southeast Arizona ,Coupled Spatiotemporal Characterization of Monsoon Cloud Cover and Vegetation Phenology,"Many biogeophysical processes continuously evolve in both space and time. Some of these processes change gradually enough across both space and time to be oversampled by the satellite image archive. In these cases, image time series of Earth observations can support robust spatiotemporal analysis. In this analysis, we leverage the spectral differences of green vegetation, soil, and clouds to perform an EOF analysis which simultaneously characterizes monsoon cloud cover and vegetation phenology in a temperate cloud forest in Dhofar, southern Oman. The Normalized Difference Vegetation Index of daily MODIS reflectance clearly distinguishes clouds and bare soil from both grassland and cloud forest vegetation. Using the temporal feature space of the low order principal components of the NDVI time series, we identify distinct annual cycles of cloud cover and vegetation phenology corresponding to geographically contiguous areas of coupled monsoon-phenological activity (phenoregions). The EOF analysis characterizes the temporal dynamics of these phenoregions. The wadi cloud forests of the Jabal Al Qara and Jabal Al Qamar can each be described with 2 distinct spatiotemporal patterns of monsoon phenology, corresponding to the eastern and western portions of each range. In addition, the rangetop grasslands of the Jabal Al Qara show 3 distinct spatiotemporal patterns, corresponding to eastern, central, and western portions of the range. While each phenoregion has a clearly repeating annual cycle, each also demonstrates substantial interannual variability in both cloud cover and phenology. This interannual variability is of a sufficient magnitude to mask any trends in cloud cover or phenology in any of the regions in the Dhofar Mountains. Finally, using the degree of asymmetry of the cumulative NDVI time series, we infer a causal link between duration of cloud cover and amplitude of phenology.",
GS_050,raw,raw,env_energy,env_energy,env_energy,env_energy,mid_2013_2018,high,2017,293477,1611.02459,0.194961,169,1,,,2017-04-26,2016-11-08,Wayfinding sign maintenance and design partnership support,"The GGNRA comprises over 80,000 acres of interlocking local, state, and national parks and private lands and shares park borders with several land management agencies and entities. To provide vital visitor outreach, wayfinding and interpretative and informational signs need to be installed at variou",Using cognitive agent-based simulation for the evaluation of indoor wayfinding systems,"This paper presents a novel approach to simulate human wayfinding behaviour incorporating visual cognition into a software agent for a computer aided evaluation of wayfinding systems in large infrastructures. The proposed approach follows the Sense-Plan-Act paradigm comprised of a model for visual attention, navigation behaviour and pedestrian movement. Stochastic features of perception are incorporated to enhance generality and diversity of the developed wayfinding simulation to reflect a variety of behaviours. The validity of the proposed approach was evaluated based on empirical data collected through wayfinding experiments with 20 participants in an immersive virtual reality environment using a life-sized 3D replica of Vienna's new central railway station. The results show that the developed cognitive agent-based simulation provides a further contribution to the simulation of human wayfinding and subsequently a further step to an effective evaluation tool for the planning of wayfinding and signage.",
GS_051,raw,raw,env_energy,env_energy,env_energy,env_energy,mid_2013_2018,mid,2017,297993,1206.1886,0.170474,1956,1,,,2017-10-16,2012-06-08,ROSES 2017: Magnetospheric Multiscale Guest Investigators,"This ROSES NRA (NNH17ZDA001N) solicits basic and applied research in support of NASA’s Science Mission Directorate (SMD). The NRA covers all aspects of basic and applied supporting research and technology in space and Earth sciences, including, but not limited to: theory, modeling, and analysis of S",Breakthrough capability for the NASA Astrophysics Explorer Program: Reaching the darkest sky,"We describe a mission architecture designed to substantially increase the science capability of the NASA Science Mission Directorate (SMD) Astrophysics Explorer Program for all AO proposers working within the near-UV to far-infrared spectrum. We have demonstrated that augmentation of Falcon 9 Explorer launch services with a 13 kW Solar Electric Propulsion (SEP) stage can deliver a 700 kg science observatory payload to extra-Zodiacal orbit. This new capability enables up to ~13X increased photometric sensitivity and ~160X increased observing speed relative to a Sun-Earth L2, Earth-trailing, or Earth orbit with no increase in telescope aperture. All enabling SEP stage technologies for this launch service augmentation have reached sufficient readiness (TRL-6) for Explorer Program application in conjunction with the Falcon 9. We demonstrate that enabling Astrophysics Explorers to reach extra-zodiacal orbit will allow this small payload program to rival the science performance of much larger long development time systems; thus, providing a means to realize major science objectives while increasing the SMD Astrophysics portfolio diversity and resiliency to external budget pressure. The SEP technology employed in this study has strong applicability to SMD Planetary Science community-proposed missions. SEP is a stated flight demonstration priority for NASA's Office of the Chief Technologist (OCT). This new mission architecture for astrophysics Explorers enables an attractive realization of joint goals for OCT and SMD with wide applicability across SMD science disciplines.",
GS_052,raw,raw,env_energy,env_energy,env_energy,env_energy,mid_2013_2018,mid,2016,283811,0707.4431,0.156941,3210,1,,,2016-05-13,2007-07-30,DoD Psychological Health/Traumatic Brain Injury Cognitive Resilience and Readiness Research Award,"The FY16 PH/TBIRP CR3A seeks to support research that will increase our understanding of what and how key scientific and biomedical elements influence and correlate with cognitive skills assessment, enhancement, and training for Service members, and related specialty occupations. This Program Announ",Technical aspects of an impact acceleration traumatic brain injury rat model with potential suitability for both microdialysis and PtiO2 monitoring,"This report describes technical adaptations of a traumatic brain injury (TBI) model-largely inspired by Marmarou-in order to monitor microdialysis data and PtiO2 (brain tissue oxygen) before, during and after injury. We particularly focalize on our model requirements which allows us to re-create some drastic pathological characteristics experienced by severely head-injured patients: impact on a closed skull, no ventilation immediately after impact, presence of diffuse axonal injuries and secondary brain insults from systemic origin...We notably give priority to minimize anaesthesia duration in order to tend to banish any neuroprotection. Our new model will henceforth allow a better understanding of neurochemical and biochemical alterations resulting from traumatic brain injury, using microdialysis and PtiO2 techniques already monitored in our Intensive Care Unit. Studies on efficiency and therapeutic window of neuroprotective pharmacological molecules are now conceivable to ameliorate severe head-injury treatment.",
GS_053,raw,raw,env_energy,env_energy,env_energy,env_energy,mid_2013_2018,low,2015,275718,1108.0729,0.135842,1343,1,,,2015-04-07,2011-08-03,Intermountain West Data Warehouse,NOTICE OF INTENT TO AWARD This Funding Announcement is not a request for applications. This announcement is to provide public notice of the National Park Service�s intention to fund the following project activities without full and open competition. ABSTRACT Funding Announcement P15AS00092 Project T,Estudo de Viabilidade de uma Plataforma de Baixo Custo para Data Warehouse,"Often corporations need tools to improve their decision making in a competitive market. In general, these tools are based on data warehouse platforms to mange and analyze large amounts of data. However, several of these corporations do not have enough resources to buy such platforms because of the high cost. This work is dedicated to a feasibility study of a low cost platform to data warehouse. We consider as a low cost platform the use of open source software like the PostgreSQL database system and the GNU/Linux operational system. We verify the feasibility of this platform by executing two benchmarks that simulate a data warehouse workload. The workload reproduces a multi-user environment with the execution of complex queries, which executes: aggregations, nested sub queries, multi joins, in-line views and more. Considering the results we were able to highlight some problems on the PostgreSQL database system, and discuss improvements in the context of data warehouse.",
GS_054,raw,raw,env_energy,env_energy,env_energy,env_energy,mid_2013_2018,low,2014,258932,1309.0910,0.100131,302,1,,,2014-07-03,2013-09-04,SUASCO Watershed Protection,United States Department of the Interior National Park Service (NPS) NOTICE OF INTENT TO AWARD. THIS IS NOT A REQUEST FOR APPLICATIONS. This funding announcement is to provide public notice of the NPS's intention to enter this agreement for the following project activities without full and open comp,A Search for Astrophysical Burst Signals at the Sudbury Neutrino Observatory,"The Sudbury Neutrino Observatory (SNO) has confirmed the standard solar model and neutrino oscillations through the observation of neutrinos from the solar core. In this paper we present a search for neutrinos associated with sources other than the solar core, such as gamma-ray bursters and solar flares. We present a new method for looking for temporal coincidences between neutrino events and astrophysical bursts of widely varying intensity. No correlations were found between neutrinos detected in SNO and such astrophysical sources.",
GS_055,raw,raw,env_energy,env_energy,env_energy,env_energy,recent_2019_2024,high,2020,326542,1307.4140,0.394428,2474,1,,,2020-04-24,2013-07-16,"Notice of Intent: Aftershock Monitoring of the 6.5 Stanley, Idaho Earthquake","Notice of Intent to award a grant to Boise State University in support of the project entitled ""Aftershock Monitoring of the 6.5 Stanley, Idaho Earthquake"". The main objective of this grant is to monitor and collect data from the aftershock sequence of the M6.5 Stanley earthquake in Idaho. It is cri",On the aftershocks of the Great Sumatra-Andaman earthquake,"Analysis of the Sumatra-Andaman earthquake on 26.12.2004 (M = 9) has allowed us to identify two non- trivial properties of the dynamics of aftershocks. First, the strongest aftershock (M = 7.2) was likely triggered by the round-the-world seismic echo of the main shock. The idea is that the surface waves propagating outwards from the main shock return back to the vicinity of the epicenter after having made a complete revolution around the Earth and induce there the aftershock. The second property is the modulation of the aftershock sequence by the fundamental oscillation of the Earth 0S2 excited by the main shock. Both results are supported by analysis of the Tohoku earthquake (11.03.2011, M = 9), as well as by the statistical analysis of the USGS earthquake catalog.",
GS_056,raw,raw,env_energy,env_energy,env_energy,env_energy,recent_2019_2024,high,2023,350456,2303.05480,0.220109,208,1,,,2023-10-03,2023-03-09,FY2024 Coastal and Ocean Modeling Testbed Project,"The overarching purpose of the U.S. Integrated Ocean Observing System (IOOS®) is to address regional and national needs for ocean information, to gather reliable data on key coastal, ocean, and Great Lakes variables, and to ensure timely and sustained disseminationand availability of these data. IOO",Designing Ocean Vision AI: An Investigation of Community Needs for Imaging-based Ocean Conservation,"Ocean scientists studying diverse organisms and phenomena increasingly rely on imaging devices for their research. These scientists have many tools to collect their data, but few resources for automated analysis. In this paper, we report on discussions with diverse stakeholders to identify community needs and develop a set of functional requirements for the ongoing development of ocean science-specific analysis tools. We conducted 36 in-depth interviews with individuals working in the Blue Economy space, revealing four central issues inhibiting the development of effective imaging analysis monitoring tools for marine science. We also identified twelve user archetypes that will engage with these services. Additionally, we held a workshop with 246 participants from 35 countries centered around FathomNet, a web-based open-source annotated image database for marine research. Findings from these discussions are being used to define the feature set and interface design of Ocean Vision AI, a suite of tools and services to advance observational capabilities of life in the ocean.",
GS_057,raw,raw,env_energy,env_energy,env_energy,env_energy,recent_2019_2024,mid,2021,335704,1905.05241,0.189061,854,1,,,2021-09-13,2019-05-13,FY2022 Marine Debris Prevention,"This funding opportunity requires a Letter of Intent to be submitted for competitive review before a full proposal can be submitted. LOIs must be received via e-mail as an attachment (to grants.marinedebris@noaa.gov) no later than 11:59 p.m. Eastern time, October 29, 2021. If invited per the instruc",Deep Neural Networks for Marine Debris Detection in Sonar Images,"Garbage and waste disposal is one of the biggest challenges currently faced by mankind. Proper waste disposal and recycling is a must in any sustainable community, and in many coastal areas there is significant water pollution in the form of floating or submerged garbage. This is called marine debris. Submerged marine debris threatens marine life, and for shallow coastal areas, it can also threaten fishing vessels [I\~niguez et al. 2016, Renewable and Sustainable Energy Reviews]. Submerged marine debris typically stays in the environment for a long time (20+ years), and consists of materials that can be recycled, such as metals, plastics, glass, etc. Many of these items should not be disposed in water bodies as this has a negative effect in the environment and human health. This thesis performs a comprehensive evaluation on the use of DNNs for the problem of marine debris detection in FLS images, as well as related problems such as image classification, matching, and detection proposals. We do this in a dataset of 2069 FLS images that we captured with an ARIS Explorer 3000 sensor on marine debris objects lying in the floor of a small water tank. The objects we used to produce this dataset contain typical household marine debris and distractor marine objects (tires, hooks, valves, etc), divided in 10 classes plus a background class. Our results show that for the evaluated tasks, DNNs are a superior technique than the corresponding state of the art. There are large gains particularly for the matching and detection proposal tasks. We also study the effect of sample complexity and object size in many tasks, which is valuable information for practitioners. We expect that our results will advance the objective of using Autonomous Underwater Vehicles to automatically survey, detect and collect marine debris from underwater environments.",
GS_058,raw,raw,env_energy,env_energy,env_energy,env_energy,recent_2019_2024,mid,2024,355328,2209.05457,0.166373,682,1,,,2024-07-11,2022-08-29,Borno WAS Activity,"The purpose of the Activity is to increase safe, sustainable, climate resilient and inclusive Water, Sanitation and Hygiene (WASH) Services in communities, schools, and healthcare centers. Approach. An integrated and participatory approach is envisioned to engage with the key stakeholders, especiall",Reliable and Resilient AI and IoT-based Personalised Healthcare Services: A Survey,"Recent technological and economic developments have transformed the healthcare sector towards more personalized and IoT-based healthcare services. These services are realized through control and monitoring applications that are typically developed using artificial intelligence/machine learning-based algorithms, which play a significant role in highlighting the efficiency of traditional healthcare systems. Current personalized healthcare services are dedicated to a specific environment to support technological personalization. However, they are unable to consider different interrelated health conditions, leading to inappropriate diagnoses and affecting sustainability and the long-term health of patients. To this end, current Healthcare 5.0 technology has evolved that supersede previous healthcare technologies. The goal of healthcare 5.0 is to achieve an autonomous healthcare service, that takes into account the interdependent effect of different health conditions of a patient. This paper conducts a comprehensive survey on personalized healthcare services. In particular, we first present an overview of key requirements of comprehensive personalized healthcare services in modern healthcare Internet of Things (HIoT), including the definition of personalization and an example use case scenario as a representative for modern HIoT. Second, we explored a fundamental three-layer architecture for IoT-based healthcare systems using AI and non-AI-based approaches, considering key requirements for CPHS followed by their strengths and weaknesses in the frame of personalized healthcare services. Third, we highlighted different security threats against each layer of IoT architecture along with the possible AI and non-AI-based solutions. Finally, we propose a methodology to develop reliable, resilient, and personalized healthcare services that address the identified weaknesses of existing approaches.",
GS_059,raw,raw,env_energy,env_energy,env_energy,env_energy,recent_2019_2024,low,2020,324524,1108.3289,0.145092,3104,1,,,2020-02-14,2011-08-16,ROSES 2020: Solar System Workings,"Please note that this program requests Notices of Intent, which are due via NSPIRES by November 13, 2020. See the full posting on NSPIRES for details. The National Aeronautics and Space Administration (NASA) Science Mission Directorate (SMD) released its annual omnibus Research Announcement (NRA), R","Planetary Science by the NLSI LUNAR Team: The Lunar Core, Ionized Atmosphere, & Nanodust Weathering","The Lunar University Network for Astrophysics Research (LUNAR) undertakes investigations across the full spectrum of science within the mission of the NASA Lunar Science Institute (NLSI), namely science of, on, and from the Moon. The LUNAR team's work on science of and on the Moon, which is the subject of this white paper, is conducted in the broader context of ascertaining the content, origin, and evolution of the solar system.",
GS_060,raw,raw,env_energy,env_energy,env_energy,env_energy,recent_2019_2024,low,2024,356214,2210.04954,0.100257,686,1,,,2024-08-26,2022-10-10,F24AS00427 FY25 Experienced Services Program,"Three eligible nonprofit organizations for a total of five years to assist the agency in establishing and conducting an Experienced Services Program. Under this program, the USFWS will enter into cooperative agreements with private nonprofit organizations designated by the Secretary of Labor as elig",Using Immersive Virtual Reality to Enhance Social Interaction among Older Adults: A Multi-site Study,"Research examining older adults interactions with Virtual Reality (VR) and the impact of social VR experiences on outcomes such as social engagement has been limited, especially among older adults. This multi-site pilot study evaluated the feasibility and acceptability of a novel social virtual reality (VR) program that paired older adults from different geographic locations (New York City, Tallahassee, and Ithaca, N.Y) who engaged in virtual travel and productive engagement activities together. The sample included 36 individuals aged 60 and older, 25 percent of whom had cognitive impairment (CI). Older adults with and without CI reported high levels of engagement in the VR environment and perceived the social VR program to be enjoyable and usable. Perceived Spatial Presence was a central driver of the positive outcomes. Most also indicated a willingness to reconnect with their VR partner in the future. The data also identified important areas for improvement in the program, such as the use of more realistic and responsive avatars, controllers with larger controls, and more time for training. Overall, these findings suggest that VR social applications may foster social engagement among older adults.",
GS_061,tw36,tw36,biomed,biomed,biomed,biomed,early_2008_2012,high,2012,178173,1205.5024,0.30829,28,1,,,2012-06-19,2012-05-22,Identifying Non-coding RNA Targets for Early Detection of Cancer (R01),"This Funding Opportunity Announcement (FOA), issued by the National Cancer Institute (NCI), encourages research projects on non-coding RNAs (ncRNAs) and their targets in preneoplastic lesions and early stage cancers. This FOA also encourages research projects to assess the usefulness of stable micro",Analytical Study of Hexapod miRNAs using Phylogenetic Methods,"MicroRNAs (miRNAs) are a class of non-coding RNAs that regulate gene expression. Identification of total number of miRNAs even in completely sequenced organisms is still an open problem. However, researchers have been using techniques that can predict limited number of miRNA in an organism. In this paper, we have used homology based approach for comparative analysis of miRNA of hexapoda group .We have used Apis mellifera, Bombyx mori, Anopholes gambiae and Drosophila melanogaster miRNA datasets from miRBase repository. We have done pair wise as well as multiple alignments for the available miRNAs in the repository to identify and analyse conserved regions among related species. Unfortunately, to the best of our knowledge, miRNA related literature does not provide in depth analysis of hexapods. We have made an attempt to derive the commonality among the miRNAs and to identify the conserved regions which are still not available in miRNA repositories. The results are good approximation with a small number of mismatches. However, they are encouraging and may facilitate miRNA biogenesis for",
GS_062,tw36,tw36,biomed,biomed,biomed,biomed,early_2008_2012,mid,2011,135533,0905.0994,0.128434,958,1,,,2011-12-21,2009-05-07,Human Health and Heredity in Africa (H3Africa): Research Grants (U01),"This NIH Funding Opportunity Announcement (FOA), supported by funds from the NIH Common Fund (Common Fund) and participating NIH Institute(s) and Center(s), invites applications from foreign Institutions in African countries who wish to develop the study of genomic/genetic/environmental contributors",A novel approach to simulate gene-environment interactions in complex diseases,"Complex diseases are multifactorial traits caused by both genetic and environmental factors. They represent the most part of human diseases and include those with largest prevalence and mortality (cancer, heart disease, obesity, etc.). Despite of a large amount of information that have been collected about both genetic and environmental risk factors, there are relatively few examples of studies on their interactions in epidemiological literature. One reason can be the incomplete knowledge of the power of statistical methods designed to search for risk factors and their interactions in this data sets. An improving in this direction would lead to a better understanding and description of gene-environment interaction. To this aim, a possible strategy is to challenge the different statistical methods against data sets where the underlying phenomenon is completely known and fully controllable, like for example simulated ones. We present a mathematical approach that models gene-environment interactions. By this method it is possible to generate simulated populations having gene-environment interactions of any form. We implemented a simple version of this model in a Gene-Environment iNteraction Simulator (GENS), a tool designed to simulate case-control data sets where a one gene-one environment interaction influences the disease risk. The main effort has been to allow user to describe characteristics of population by using standard epidemiological measures and to implement constraints to make the simulator behavior biologically meaningful.",
GS_063,tw36,tw36,biomed,biomed,biomed,biomed,early_2008_2012,low,2011,106793,0908.1351,0.100031,709,1,,,2011-07-20,2009-08-10,Social and Behavioral Research on the Elderly in Disasters (R03),This FOA issued by the National Institute on Aging encourages Small Research Grant (R03) applications from institutions or organizations that propose to conduct research in the behavioral and social sciences on the consequences of natural and man-made disasters for the health and well-being of the e,Switching and growth for microbial populations in catastrophic responsive environments,"Phase variation, or stochastic switching between alternative states of gene expression, is common among microbes, and may be important in coping with changing environments. We use a theoretical model to assess whether such switching is a good strategy for growth in environments with occasional catastrophic events. We find that switching can be advantageous, but only when the environment is responsive to the microbial population. In our model, microbes switch randomly between two phenotypic states, with different growth rates. The environment undergoes sudden ""catastrophes"", the probability of which depends on the composition of the population. We derive a simple analytical result for the population growth rate. For a responsive environment, two alternative strategies emerge. In the ""no switching"" strategy, the population maximises its instantaneous growth rate, regardless of catastrophes. In the ""switching"" strategy, the microbial switching rate is tuned to minimise the environmental response. Which of these strategies is most favourable depends on the parameters of the model. Previous studies have shown that microbial switching can be favourable when the environment changes in an unresponsive fashion between several states. Here, we demonstrate an alternative role for phase variation in allowing microbes to maximise their growth in catastrophic responsive environments.",
GS_064,tw36,tw36,biomed,biomed,biomed,biomed,mid_2013_2018,high,2015,275102,1501.05555,0.402872,49,1,,,2015-03-12,2015-01-22,Rapid Response to Ebola Viral Disease in West Africa through Strengthening of Surveillance Systems and Disruption of Chain of Transmission Interventions,"Since the onset of EVD outbreak in West Africa, there have been over 23,000 reported confirmed, probably, and suspected cases of EVD in Guinea, Liberia and Sierra Leone, with over 9000 reported deaths. In Liberia alone, there has been an estimated 9007 total cases resulting in 3900 deaths (WHO, Febr",Forecasting and Uncertainty in Modeling the 2014-2015 Ebola Epidemic in West Africa,"The Ebola epidemic in West Africa is the largest ever recorded, with over 27,000 cases and 11,000 deaths as of June 2015. The public health response was challenged by difficulties with disease surveillance, which impacted subsequent analysis and decision-making regarding optimal interventions. We developed a stage-structured model of Ebola virus disease (EVD). A key feature of the model is that it includes a generalized correction term accounting for factors such as the fraction of cases reported and fraction of the population at risk (e.g. due to contact patterns, interventions, spatiotemporal spread, pre-existing immunity, asymptomatic cases, etc.). We generated a range of short-term forecasts for Guinea, Liberia, and Sierra Leone, which we then validated using subsequent data. We also used the model to examine the uncertainty in the relative contributions to transmission by the different stages of infection (early, late, and funeral). We found that a wide range of forecasted trajectories fit approximately equally well to the early data. However, by including the correction factor term the best-fit models correctly forecasted EVD activity for all three countries, both individually and for all countries combined. In particular, the model correctly forecasted the slow-down in Liberia, as well as the continued exponential growth in Sierra Leone through November 2014. Parameter unidentifiability issues hindered estimation of the relative contributions of each stage of transmission from incidence and deaths data alone, which poses a challenge in determining optimal intervention strategies, and underscores the need for additional data collection. Even with these limited data, however, it is still possible to accurately capture and predict the epidemic dynamics by using a simplified correction term that approximately accounts for the complex underlying factors driving disease spread.",
GS_065,tw36,tw36,biomed,biomed,biomed,biomed,mid_2013_2018,mid,2018,309724,1604.00572,0.135849,930,1,,,2018-10-19,2016-04-02,2019 Pacific Northwest Bay-Watershed Education and Training,"NOAA’s Office of National Marine Sanctuaries (Olympic Coast National Marine Sanctuary office) is seeking proposals under the Pacific Northwest B-WET Program (http://olympiccoast.noaa.gov/ocean_literacy/bwet.html). The Pacific Northwest B-WET Program is a competitive, environmental education, grants ",Spatio-temporal Modelling of Temperature Fields in the Pacific Northwest,"The importance of modelling temperature fields goes beyond the need to understand a region's climate and serves too as a starting point for understanding their socioeconomic, and health consequences. The topography of the study region contributes much to the complexity of modelling these fields and demands flexible spatio-temporal models that are able to handle nonstationarity and changes in trend. In this paper, we develop a flexible stochastic spatio-temporal model for daily temperatures in the Pacific Northwest, and describe a methodology for performing Bayesian spatial prediction. A novel aspect of this model, an extension of the spatio-temporal model proposed in Le and Zidek (1992), is its incorporation of site-specific features of a spatio-temporal field in its spatio-temporal mean. Due to the often surprising Pacific Northwestern weather, the analysis reported in the paper shows the need to incorporate spatio-temporal interactions in that mean in order to understand the rapid changes in temperature observed in nearby locations and to get approximately stationary residuals for higher level analysis. No structure is assumed for the spatial covariance matrix of these residuals, thus allowing the model to capture any nonstationary spatial structures remaining in those residuals.",
GS_066,tw36,tw36,biomed,biomed,biomed,biomed,mid_2013_2018,low,2013,214633,1111.5419,0.10001,413,1,,,2013-01-09,2011-11-23,Life Course Research Network,The Maternal and Child Health Bureau will award a cooperative agreement to support a LCRN focused on improving the understanding of the socio-environmental determinants of health experienced at different life course stages for the maternal and child health (MCH) population through engagement of rese,Incorporating biological information into linear models: A Bayesian approach to the selection of pathways and genes,"The vast amount of biological knowledge accumulated over the years has allowed researchers to identify various biochemical interactions and define different families of pathways. There is an increased interest in identifying pathways and pathway elements involved in particular biological processes. Drug discovery efforts, for example, are focused on identifying biomarkers as well as pathways related to a disease. We propose a Bayesian model that addresses this question by incorporating information on pathways and gene networks in the analysis of DNA microarray data. Such information is used to define pathway summaries, specify prior distributions, and structure the MCMC moves to fit the model. We illustrate the method with an application to gene expression data with censored survival outcomes. In addition to identifying markers that would have been missed otherwise and improving prediction accuracy, the integration of existing biological knowledge into the analysis provides a better understanding of underlying molecular processes.",
GS_067,tw36,tw36,biomed,biomed,biomed,biomed,recent_2019_2024,high,2020,326652,2004.14114,0.39057,1,1,,,2020-04-30,2020-04-29,Emergency Awards: Rapid Investigation of Severe Acute Respiratory Syndrome Coronavirus 2 (SARS-CoV-2) and Coronavirus Disease 2019 (COVID-19) (R01 Clinical Trial Not Allowed),The purpose of this Funding Opportunity Announcement (FOA) is to provide an expedited (rapid) funding mechanism for research on Severe Acute Respiratory Syndrome Coronavirus 2 (SARS-CoV-2) and Coronavirus Disease 2019 (COVID-19).,"Decoding SARS-CoV-2 transmission, evolution and ramification on COVID-19 diagnosis, vaccine, and medicine","Tremendous effort has been given to the development of diagnostic tests, preventive vaccines, and therapeutic medicines for coronavirus disease 2019 (COVID-19) caused by severe acute respiratory syndrome coronavirus 2 (SARS-CoV-2). Much of this development has been based on the reference genome collected on January 5, 2020. Based on the genotyping of 6156 genome samples collected up to April 24, 2020, we report that SARS-CoV-2 has had 4459 alarmingly mutations which can be clustered into five subtypes. We introduce mutation ratio and mutation $h$-index to characterize the protein conservativeness and unveil that SARS-CoV-2 envelope protein, main protease, and endoribonuclease protein are relatively conservative, while SARS-CoV-2 nucleocapsid protein, spike protein, and papain-like protease are relatively non-conservative. In particular, the nucleocapsid protein has more than half its genes changed in the past few months, signaling devastating impacts on the ongoing development of COVID-19 diagnosis, vaccines, and drugs.",
GS_068,tw36,tw36,biomed,biomed,biomed,biomed,recent_2019_2024,high,2023,350685,2304.01524,0.173103,204,1,,,2023-10-25,2023-04-04,FY2024 NMFS-Sea Grant Fellowship in Population and Ecosystem Dynamics and Marine Resource Economics,"The National Sea Grant College Program was enacted by the U.S. Congress in 1966 (amended in 2020, Public Law 116-221) to support leveraged federal and state partnerships that harness the intellectual capacity of the nation’s universities and research institutions to solve problems and generate oppor",FisHook -- An Optimized Approach to Marine Specie Classification using MobileNetV2,"Marine ecosystems are vital for the planet's health, but human activities such as climate change, pollution, and overfishing pose a constant threat to marine species. Accurate classification and monitoring of these species can aid in understanding their distribution, population dynamics, and the impact of human activities on them. However, classifying marine species can be challenging due to their vast diversity and the complex underwater environment. With advancements in computer performance and GPU-based computing, deep-learning algorithms can now efficiently classify marine species, making it easier to monitor and manage marine ecosystems. In this paper, we propose an optimization to the MobileNetV2 model to achieve a 99.83% average validation accuracy by highlighting specific guidelines for creating a dataset and augmenting marine species images. This transfer learning algorithm can be deployed successfully on a mobile application for on-site classification at fisheries.",
GS_069,tw36,tw36,biomed,biomed,biomed,biomed,recent_2019_2024,mid,2022,344024,2112.10988,0.141467,295,1,,,2022-10-12,2021-12-21,Tribal Nations: National Animal Disease Preparedness and Response Program (NADPRP) 2022 Cooperative Agreements,"The U.S. Department of Agriculture (USDA), Animal and Plant Health Inspection Service (APHIS), Veterinary Services (VS) is announcing the availability of up to $500,000 in funds in the National Animal Disease Preparedness and Response Program (NADPRP) to support Tribal projects in the topic areas li",Mapping industrial poultry operations at scale with deep learning and aerial imagery,"Concentrated Animal Feeding Operations (CAFOs) pose serious risks to air, water, and public health, but have proven to be challenging to regulate. The U.S. Government Accountability Office notes that a basic challenge is the lack of comprehensive location information on CAFOs. We use the USDA's National Agricultural Imagery Program (NAIP) 1m/pixel aerial imagery to detect poultry CAFOs across the continental United States. We train convolutional neural network (CNN) models to identify individual poultry barns and apply the best performing model to over 42 TB of imagery to create the first national, open-source dataset of poultry CAFOs. We validate the model predictions against held-out validation set on poultry CAFO facility locations from 10 hand-labeled counties in California and demonstrate that this approach has significant potential to fill gaps in environmental monitoring.",
GS_070,tw36,tw36,biomed,biomed,biomed,biomed,recent_2019_2024,low,2020,326641,2003.10218,0.100054,37,1,,,2020-04-29,2020-03-23,"Enhancing Global Health Security and Supporting Vietnam in Achieving Compliance with International Health Regulations, 2020-2024","The U.S. Centers for Disease Control and Prevention (CDC) has partnered with the Government of Vietnam (GVN) since 1998 to improve and protect the health of the Vietnamese people. As part of its public health strategy, GVN is working aggressively toward compliance with the International Health Regul",Modelling transmission and control of the COVID-19 pandemic in Australia,"There is a continuing debate on relative benefits of various mitigation and suppression strategies aimed to control the spread of COVID-19. Here we report the results of agent-based modelling using a fine-grained computational simulation of the ongoing COVID-19 pandemic in Australia. This model is calibrated to match key characteristics of COVID-19 transmission. An important calibration outcome is the age-dependent fraction of symptomatic cases, with this fraction for children found to be one-fifth of such fraction for adults. We apply the model to compare several intervention strategies, including restrictions on international air travel, case isolation, home quarantine, social distancing with varying levels of compliance, and school closures. School closures are not found to bring decisive benefits, unless coupled with high level of social distancing compliance. We report several trade-offs, and an important transition across the levels of social distancing compliance, in the range between 70% and 80% levels, with compliance at the 90% level found to control the disease within 13--14 weeks, when coupled with effective case isolation and international travel restrictions.",
GS_071,tw36,tw36,cs,cs,cs,cs,early_2008_2012,high,2009,46230,0902.3541,0.252986,31,1,,,2009-03-23,2009-02-20,Dynamical Systems,"The DS program supports research on the theory, analysis, modeling, simulation, design, and application of dynamical systems. Examples of application areas include acoustics and vibration analysis, and noise and vibration control technologies.??Of interest are multi-scale, multi-physics, and large-s","System approach to synthesis, modeling and control of complex dynamical systems","We consider the basic features of complex dynamical and control systems. Special attention is paid to the problems of synthesis of dynamical models of complex systems, construction of efficient control models, and to the development of simulation techniques. We propose an approach to the synthesis of dynamic models of complex systems that integrates expert knowledge with the process of modeling. A set-theoretic model of complex system is defined and briefly analyzed. A mathematical model of complex dynamical system with control, based on aggregate description, is also proposed. The structure of the model is described, and architecture of computer simulation system is presented, requirements to and components of computer simulation systems are analyzed.",
GS_072,tw36,tw36,cs,cs,cs,cs,early_2008_2012,mid,2010,54893,0910.3511,0.132905,225,1,,,2010-06-01,2009-10-19,"Clean-slate design of Resilient, Adaptive, Secure Hosts (CRASH)",The Defense Advanced Research Projects Agency is soliciting proposals for innovative research into the design of new computer systems that: •Are highly resistant to cyber-attack; •Can adapt after a successful attack in order to continue rendering useful services; •Learn from previous attacks how to ,Stealth-MITM DoS Attacks on Secure Channels,"We define stealth Man-in-the-Middle adversaries, and analyse their ability to launch denial and degradation of service (DoS) attacks on secure channels. We show realistic attacks, disrupting TCP communication over secure VPNs using IPsec. We present: First amplifying DoS attack on IPsec, when deployed without anti-replay window. First amplifying attack on IPsec, when deployed with a `small' anti-replay window, and analysis of `sufficient' window size. First amplifying attack on IPsec, when deployed with `sufficient' window size. This attack (as the previous) is realistic: attacker needs only to duplicate and speed-up few packets. We also suggest a solution designed to prevent the presented attacks, and to provide secure channel immune to degradation and other DoS attacks. Our solution involves changes (only) to the two gateway machines running IPsec. In addition to their practical importance, our results also raise the challenge of formally defining secure channels immune to DoS and degradation attacks, and providing provably-secure implementations.",
GS_073,tw36,tw36,cs,cs,cs,cs,early_2008_2012,low,2008,43300,cs/0602056,0.100034,994,1,,,2008-11-05,2006-02-15,Fiscal Year 2009 Regional Catastrophic Preparedness Grant Program (RCPGP),"The purpose of the Regional Catastrophic Preparedness Grant Program (RCPGP) is to enhance catastrophic incident preparedness in selected high-risk, high-consequence urban areas. RCPGP is intended to support coordination of regional all-hazard planning for catastrophic events, including the developme",Building Scenarios for Environmental Management and Planning: An IT-Based Approach,"Oftentimes, the need to build multidiscipline knowledge bases, oriented to policy scenarios, entails the involvement of stakeholders in manifold domains, with a juxtaposition of different languages whose semantics can hardly allow inter-domain transfers. A useful support for planning is the building up of durable IT based interactive platforms, where it is possible to modify initial positions toward a semantic convergence. The present paper shows an area-based application of these tools, for the integrated distance-management of different forms of knowledge expressed by selected stakeholders about environmental planning issues, in order to build alternative development scenarios. Keywords: Environmental planning, Scenario building, Multi-source knowledge, IT-based",
GS_074,tw36,tw36,cs,cs,cs,cs,mid_2013_2018,high,2017,298550,1603.04046,0.30875,605,1,,,2017-11-08,2016-03-13,Real-time 3D camera system using Extended Depth from Defocus and Microfluidic Lens,NSWC Crane is interested in funding research where computer vision techniques are used to miniaturize 3D imaging by using depth inference from defocus and fusing the data with other image depth cues.,Image and Depth from a Single Defocused Image Using Coded Aperture Photography,"Depth from defocus and defocus deblurring from a single image are two challenging problems that are derived from the finite depth of field in conventional cameras. Coded aperture imaging is one of the techniques that is used for improving the results of these two problems. Up to now, different methods have been proposed for improving the results of either defocus deblurring or depth estimation. In this paper, a multi-objective function is proposed for evaluating and designing aperture patterns with the aim of improving the results of both depth from defocus and defocus deblurring. Pattern evaluation is performed by considering the scene illumination condition and camera system specification. Based on the proposed criteria, a single asymmetric pattern is designed that is used for restoring a sharp image and a depth map from a single input. Since the designed pattern is asymmetric, defocus objects on the two sides of the focal plane can be distinguished. Depth estimation is performed by using a new algorithm, which is based on image quality assessment criteria and can distinguish between blurred objects lying in front or behind the focal plane. Extensive simulations as well as experiments on a variety of real scenes are conducted to compare our aperture with previously proposed ones.",
GS_075,tw36,tw36,cs,cs,cs,cs,mid_2013_2018,mid,2015,277850,1401.4307,0.140737,544,1,,,2015-07-15,2014-01-17,Collaborative Biological Research and Education,NOTICE OF INTENT TO AWARD This Funding Announcement is not a request for applications. This announcement is to provide public notice of the National Park Service���s intention to fund the following project activities without full and open competition. ABSTRACT Funding Announcement P15AS00214 Project,The Research Object Suite of Ontologies: Sharing and Exchanging Research Data and Methods on the Open Web,"Research in life sciences is increasingly being conducted in a digital and online environment. In particular, life scientists have been pioneers in embracing new computational tools to conduct their investigations. To support the sharing of digital objects produced during such research investigations, we have witnessed in the last few years the emergence of specialized repositories, e.g., DataVerse and FigShare. Such repositories provide users with the means to share and publish datasets that were used or generated in research investigations. While these repositories have proven their usefulness, interpreting and reusing evidence for most research results is a challenging task. Additional contextual descriptions are needed to understand how those results were generated and/or the circumstances under which they were concluded. Because of this, scientists are calling for models that go beyond the publication of datasets to systematically capture the life cycle of scientific investigations and provide a single entry point to access the information about the hypothesis investigated, the datasets used, the experiments carried out, the results of the experiments, the people involved in the research, etc. In this paper we present the Research Object (RO) suite of ontologies, which provide a structured container to encapsulate research data and methods along with essential metadata descriptions. Research Objects are portable units that enable the sharing, preservation, interpretation and reuse of research investigation results. The ontologies we present have been designed in the light of requirements that we gathered from life scientists. They have been built upon existing popular vocabularies to facilitate interoperability. Furthermore, we have developed tools to support the creation and sharing of Research Objects, thereby promoting and facilitating their adoption.",
GS_076,tw36,tw36,cs,cs,cs,cs,mid_2013_2018,low,2013,213834,1006.0289,0.10003,947,1,,,2013-01-04,2010-06-02,2013 Broad Agency Announcement,"The U.S. Army Engineer Research and Development Center (ERDC) has issued a Broad Agency Announcement (BAA) for various research and development topic areas. The ERDC consists of the Coastal and Hydraulics Lab (CHL), the Geotechnical and Structures Lab (GSL), the Environmental Lab (EL) and the Inform",M\'{e}todos para la Selecci\'{o}n y el Ajuste de Caracter\'{i}sticas en el Problema de la Detecci\'{o}n de Spam,"The email is used daily by millions of people to communicate around the globe and it is a mission-critical application for many businesses. Over the last decade, unsolicited bulk email has become a major problem for email users. An overwhelming amount of spam is flowing into users' mailboxes daily. In 2004, an estimated 62% of all email was attributed to spam. Spam is not only frustrating for most email users, it strains the IT infrastructure of organizations and costs businesses billions of dollars in lost productivity. In recent years, spam has evolved from an annoyance into a serious security threat, and is now a prime medium for phishing of sensitive information, as well the spread of malicious software. This work presents a first approach to attack the spam problem. We propose an algorithm that will improve a classifier's results by adjusting its training set data. It improves the document's vocabulary representation by detecting good topic descriptors and discriminators.",
GS_077,tw36,tw36,cs,cs,cs,cs,recent_2019_2024,high,2020,323410,1910.04059,0.314273,85,1,,,2020-01-02,2019-10-09,Development and Integration of Novel Components for Open and Closed Loop Hormone Replacement Platforms for T1D Therapy (R01 Clinical Trial Optional),This Funding Opportunity Announcement (FOA) encourages applications from institutions/organizations proposing original research addressing barriers that limit progress toward effective open- and closed-loop glucose control systems. Proposed research should tackle important obstacles at the level of ,A Dual-Hormone Closed-Loop Delivery System for Type 1 Diabetes Using Deep Reinforcement Learning,"We propose a dual-hormone delivery strategy by exploiting deep reinforcement learning (RL) for people with Type 1 Diabetes (T1D). Specifically, double dilated recurrent neural networks (RNN) are used to learn the hormone delivery strategy, trained by a variant of Q-learning, whose inputs are raw data of glucose \& meal carbohydrate and outputs are dual-hormone (insulin and glucagon) delivery. Without prior knowledge of the glucose-insulin metabolism, we run the method on the UVA/Padova simulator. Hundreds days of self-play are performed to obtain a generalized model, then importance sampling is adopted to customize the model for personal use. \emph{In-silico} the proposed strategy achieves glucose time in target range (TIR) $93\%$ for adults and $83\%$ for adolescents given standard bolus, outperforming previous approaches significantly. The results indicate that deep RL is effective in building personalized hormone delivery strategy for people with T1D.",
GS_078,tw36,tw36,cs,cs,cs,cs,recent_2019_2024,high,2023,347324,2204.04785,0.175577,360,1,,,2023-04-05,2022-04-10,Thermal Transport Processes,"TheThermal Transport Processesprogram is part of the Transport Phenomena cluster, which alsoincludes1) theCombustion and Fire Systemsprogram; 2) theFluid Dynamicsprogram; and 3) theParticulate and Multiphase Processesprogram. TheThermal Transport Processesprogram supports engineering research projec",Model-free optimization of power/efficiency tradeoffs in quantum thermal machines using reinforcement learning,"A quantum thermal machine is an open quantum system that enables the conversion between heat and work at the micro or nano-scale. Optimally controlling such out-of-equilibrium systems is a crucial yet challenging task with applications to quantum technologies and devices. We introduce a general model-free framework based on Reinforcement Learning to identify out-of-equilibrium thermodynamic cycles that are Pareto optimal trade-offs between power and efficiency for quantum heat engines and refrigerators. The method does not require any knowledge of the quantum thermal machine, nor of the system model, nor of the quantum state. Instead, it only observes the heat fluxes, so it is both applicable to simulations and experimental devices. We test our method on a model of an experimentally realistic refrigerator based on a superconducting qubit, and on a heat engine based on a quantum harmonic oscillator. In both cases, we identify the Pareto-front representing optimal power-efficiency tradeoffs, and the corresponding cycles. Such solutions outperform previous proposals made in the literature, such as optimized Otto cycles, reducing quantum friction.",
GS_079,tw36,tw36,cs,cs,cs,cs,recent_2019_2024,mid,2023,351184,2308.02037,0.145519,120,1,,,2023-11-27,2023-07-30,BRAIN Initiative: Brain-Behavior Quantification and Synchronization Transformative and Integrative Models of Behavior at the Organismal Level (R34 Clinical Trial Optional),"This notice of funding opportunity (NOFO) seeks applications proposing a set of planning activities that will lay the groundwork for a scientific project aimed at integrating complementary theories and methods to 1) develop, validate, and apply cutting-edge tools and methods for minimally invasive, ",Proposing a conceptual framework: social media listening for public health behavior,"Existing communications and behavioral theories have been adopted to address health misinformation. Although various theories and models have been used to investigate the COVID-19 pandemic, there is no framework specially designed for social listening or misinformation studies using social media data and natural language processing techniques. This study aimed to propose a novel yet theory-based conceptual framework for misinformation research. We collected theories and models used in COVID-19 related studies published in peer-reviewed journals. The theories and models ranged from health behaviors, communications, to misinformation. They are analyzed and critiqued for their components, followed by proposing a conceptual framework with a demonstration. We reviewed Health Belief Model, Theory of Planned Behavior/Reasoned Action, Communication for Behavioral Impact, Transtheoretical Model, Uses and Gratifications Theory, Social Judgment Theory, Risk Information Seeking and Processing Model, Behavioral and Social Drivers, and Hype Loop. Accordingly, we proposed the Social Media Listening for Public Health Behavior Conceptual Framework by not only integrating important attributes of existing theories, but also adding new attributes. The proposed conceptual framework was demonstrated in the Freedom Convoy social media listening. The proposed conceptual framework can be used to better understand public discourse on social media, and it can be integrated with other data analyses to gather a more comprehensive picture. The framework will continue to be revised and adopted as health misinformation evolves.",
GS_080,tw36,tw36,cs,cs,cs,cs,recent_2019_2024,low,2019,319485,1703.04900,0.101154,881,1,,,2019-08-13,2017-03-15,Interpretation Intern for Sitka NHP,NATIONAL PARK SERVICE FINANCIAL ASSISTANCE: NOTICE OF INTENT TO AWARD This announcement is not a request for applications. This announcement is to provide public notice of the National Park Service’s intention to award financial assistance for the following project activities. Grants.gov Opportunity,Portable learning environments for hands-on computational instruction: Using container- and cloud-based technology to teach data science,"There is an increasing interest in learning outside of the traditional classroom setting. This is especially true for topics covering computational tools and data science, as both are challenging to incorporate in the standard curriculum. These atypical learning environments offer new opportunities for teaching, particularly when it comes to combining conceptual knowledge with hands-on experience/expertise with methods and skills. Advances in cloud computing and containerized environments provide an attractive opportunity to improve the efficiency and ease with which students can learn. This manuscript details recent advances towards using commonly-available cloud computing services and advanced cyberinfrastructure support for improving the learning experience in bootcamp-style events. We cover the benefits (and challenges) of using a server hosted remotely instead of relying on student laptops, discuss the technology that was used in order to make this possible, and give suggestions for how others could implement and improve upon this model for pedagogy and reproducibility.",
GS_081,tw36,tw36,env_energy,env_energy,env_energy,env_energy,early_2008_2012,high,2010,60695,0805.0939,0.304771,959,1,,,2010-12-22,2008-05-07,Research and Development of Fuel Cells for Stationary and Transportation Applications,"In this Funding Opportunity Announcement entitled Research and Development of Fuel Cells for Stationary and Transportation Applications the Fuel Cell Technologies Program seeks to fund fuel cell research and development in the areas of fuel cell system balance-of-plant, fuel cell components, and inn",Optimization of efficiency and energy density of passive micro fuel cells and galvanic hydrogen generators,"A PEM micro fuel cell system is described which is based on self-breathing PEM micro fuel cells in the power range between 1 mW and 1W. Hydrogen is supplied with on-demand hydrogen production with help of a galvanic cell, that produces hydrogen when Zn reacts with water. The system can be used as a battery replacement for low power applications and has the potential to improve the run time of autonomous systems. The efficiency has been investigated as function of fuel cell construction and tested for several load profiles.",
GS_082,tw36,tw36,env_energy,env_energy,env_energy,env_energy,early_2008_2012,mid,2011,89933,0809.0228,0.125325,967,1,,,2011-04-26,2008-09-01,Challenge for Regional Teams to Improve Market Conditions for Rooftop PV,"The Challenge is designed to drive improvements in market conditions for rooftop PV, with an emphasis on streamlined and standardized permitting processes. The proposed structure is intended to encourage participation by diverse entities and ensure meaningful results. The recipients in the Challenge",Smart spatial incentives for market-based conservation,"Market-based instruments such as payments, auctions or tradable permits have been proposed as flexible and cost-effective instruments for biodiversity conservation on private lands. Trading the service of conservation requires one to define a metric that determines the extent to which a conserved site adds to the regional conservation objective. Yet, while markets for conservation are widely discussed and increasingly applied, little research has been conducted on explicitly accounting for spatial ecological processes in the trading. In this paper, we use a coupled ecological economic simulation model to examine how spatial connectivity may be considered in the financial incentives created by a market-based conservation scheme. Land use decisions, driven by changing conservation costs and the conservation market, are simulated by an agent-based model of land users. On top of that, a metapopulation model evaluates the conservational success of the market. We find that optimal spatial incentives for agents correlate with species characteristics such as the dispersal distance, but they also depend on the spatio-temporal distribution of conservation costs. We conclude that a combined analysis of ecological and socio-economic conditions should be applied when designing market instruments to protect biodiversity.",
GS_083,tw36,tw36,env_energy,env_energy,env_energy,env_energy,early_2008_2012,low,2011,135893,1104.0548,0.100009,267,1,,,2011-12-27,2011-04-04,Domestic Violence Prevention Enhancement and Leadership Through Alliance (DELTA) III Program,"This FOA is for one year of supplemental funds at current levels to continue the activities conducted under CE09-901. In particular, this supplement is critical for enabling the current grantees to refine and complete the capacity-building, implementation, evaluation and sustainability components be",On the first determination of Mercury's perihelion advance,"The first determination of the perihelion advance of Mercury's orbit was obtained by Leverrier from the analysis of the transit contacts of the planet on the solar disk. He obtained for the advance the value \delta \pi ' = 38"".3/century, considering that the value \delta e', namely the correction of the variation of the planet's orbit eccentricity, is negligible. In this paper \delta \pi ' and \delta e' are calculated by the least squares method, on the basis of the meridian observations used by Leverrier. Thus, we obtain for advance the value \delta \pi ' = 42"".8/century, which is close to the one given in the theory of general relativity. The same, we obtained the value \delta e' = -0"".044/year, which is lower in absolute value than Leverrier's estimation \delta e' = -0"".0806/year.",
GS_084,tw36,tw36,env_energy,env_energy,env_energy,env_energy,mid_2013_2018,high,2013,233281,1104.2876,0.371478,753,1,,,2013-05-06,2011-04-14,FY 2013 Methane Hydrates,"The objective of this Funding Opportunity Announcement is to fund research that advances the current state of knowledge or technology with respect to methane hydrate science focusing on characterization of gas hydrate deposits, response of methane hydrate systems to natural environmental change, and",Adsorption of CO$_2$ and CH$_4$ and their mixtures in gas hydrates,"We report results from grand-canonical Monte Carlo simulations of methane and carbon dioxide adsorption in structure sI gas hydrates. Simulations of pure component systems show that all methane sites are equivalent, while carbon dioxide distinguishes between two types of sites, large or small. The adsorbed mixture can be regarded as ideal, as long as only large sites are occupied. A strong preference is demonstrated for methane, when the smaller sites become filled. The molar heat of adsorption of methane decreases with composition, while the molar heat of adsorption for carbon dioxide passes an extremum, essentially in accordance with the observation on the site sizes. The Helmholtz energies of the hydrate with CO$_2$-CH$_4$ gas mixture for temperatures between 278 and 328 K and pressures between 10$^4$ and 10$^9$ Pa indicate that certain mixtures are more stable than others. The results indicate that a thermodynamic path exists for conversion of a pure methane hydrate into a pure carbon dioxide hydrate without destroying the hydrate structure.",
GS_085,tw36,tw36,env_energy,env_energy,env_energy,env_energy,mid_2013_2018,mid,2013,239632,1011.0244,0.13317,1012,1,,,2013-08-09,2010-11-01,"BLM OR-WA Douglas County Noxious Weed Control, Oregon",The objective of this project is to improve the long term health of both public and private lands by controlling noxious weeds within the jurisdictional boundaries of Douglas Soil & Water Conservation District.,Modelling trade offs between public and private conservation policies,"To reduce global biodiversity loss, there is an urgent need to determine the most efficient allocation of conservation resources. Recently, there has been a growing trend for many governments to supplement public ownership and management of reserves with incentive programs for conservation on private land. At the same time, policies to promote conservation on private land are rarely evaluated in terms of their ecological consequences. This raises important questions, such as the extent to which private land conservation can improve conservation outcomes, and how it should be mixed with more traditional public land conservation. We address these questions, using a general framework for modelling environmental policies and a case study examining the conservation of endangered native grasslands to the west of Melbourne, Australia. Specifically, we examine three policies that involve: i) spending all resources on creating public conservation areas; ii) spending all resources on an ongoing incentive program where private landholders are paid to manage vegetation on their property with 5-year contracts; and iii) splitting resources between these two approaches. The performance of each strategy is quantified with a vegetation condition change model that predicts future changes in grassland quality. Of the policies tested, no one policy was always best and policy performance depended on the objectives of those enacting the policy. This work demonstrates a general method for evaluating environmental policies and highlights the utility of a model which combines ecological and socioeconomic processes.",
GS_086,tw36,tw36,env_energy,env_energy,env_energy,env_energy,mid_2013_2018,low,2016,287645,1503.08527,0.100022,507,1,,,2016-08-18,2015-03-30,Flood Plain Connection and Complexity Improvement,This Funding Announcement is not a request for applications. This announcement is to provide public notice of the Bureau of Reclamation’s intention to fund the following project activities without full and open competition.,The ecological impact of flooding: a study of tree damage,"The objective of this research was to identify factors affecting tree damage in the historical Minot flood of 2011. We hypothesized that tree height, identity, origin, and maximum water height affect in the severity of damage sustained by a tree in a flood event. All these factors were significant but highly interactive. The results from this research can influence planting practices in valleys and other flood prone areas to mitigate future damage.",
GS_087,tw36,tw36,env_energy,env_energy,env_energy,env_energy,recent_2019_2024,high,2020,327856,2005.08537,0.387786,38,1,,,2020-06-25,2020-05-18,"Digital Healthcare Interventions to Address the Secondary Health Effects Related to Social, Behavioral, and Economic Impact of COVID-19 (R01 - Clinical Trial Optional)","This funding opportunity announcement aims to support research to strengthen the healthcare response to Coronavirus Disease 2019 (COVID-19) caused by the Severe Acute Respiratory Syndrome Coronavirus 2 (SARS-CoV-2) and future public health emergencies, including pandemics. While research related to ",Remote health monitoring and diagnosis in the time of COVID-19,"Coronavirus disease (COVID-19) is caused by the severe acute respiratory syndrome coronavirus 2 (SARS-CoV-2) that is rapidly spreading across the globe. The clinical spectrum of SARS-CoV-2 pneumonia ranges from mild to critically ill cases and requires early detection and monitoring, within a clinical environment for critical cases and remotely for mild cases. The fear of contamination in clinical environments has led to a dramatic reduction in on-site referrals for routine care. There has also been a perceived need to continuously monitor non-severe COVID- 19 patients, either from their quarantine site at home, or dedicated quarantine locations (e.g., hotels). Thus, the pandemic has driven incentives to innovate and enhance or create new routes for providing healthcare services at distance. In particular, this has created a dramatic impetus to find innovative ways to remotely and effectively monitor patient health status. In this paper we present a short review of remote health monitoring initiatives taken in 19 states during the time of the pandemic. We emphasize in the discussion particular aspects that are common ground for the reviewed states, in particular the future impact of the pandemic on remote health monitoring and consideration on data privacy.",
GS_088,tw36,tw36,env_energy,env_energy,env_energy,env_energy,recent_2019_2024,high,2022,340661,2006.07329,0.169662,725,1,,,2022-05-24,2020-05-29,Engagement with Asia and Regional Economic Communities to Promote Alignment of MRL Standard Setting Bodies,"BackgroundOne of the greatest threats to vital pesticide tools and maximum residue limits (MRLs) for U.S. farmers and other farmers around the world, is the reduction or removal of MRLs from the European Union, which has a spillover effect of forcing farmers outside of Europe to discontinue use of i",Effects of Regional Trade Agreement to Local and Global Trade Purity Relationships,"In contrast to the rapid integration of the world economy, many regional trade agreements (RTAs) have also emerged since the early 1990s. This seeming contradiction has encouraged scholars and policy makers to explore the true effects of RTAs, including both regional and global trade relationships. This paper defines synthesized trade resistance and decomposes it into natural and artificial factors. Here, we separate the influence of geographical distance, economic volume, overall increases in transportation and labor costs and use the expectation maximization algorithm to optimize the parameters and quantify the trade purity indicator, which describes the true global trade environment and relationships among countries. This indicates that although global and most regional trade relations gradually deteriorated during the period 2007-2017, RTAs generate trade relations among members, especially contributing to the relative prosperity of EU and NAFTA countries. In addition, we apply the network to reflect the purity of the trade relations among countries. The effects of RTAs can be analyzed by comparing typical trade unions and trade communities, which are presented using an empirical network structure. This analysis shows that the community structure is quite consistent with some trade unions, and the representative RTAs constitute the core structure of international trade network. However, the role of trade unions has weakened, and multilateral trade liberalization has accelerated in the past decade. This means that more countries have recently tended to expand their trading partners outside of these unions rather than limit their trading activities to RTAs.",
GS_089,tw36,tw36,env_energy,env_energy,env_energy,env_energy,recent_2019_2024,mid,2019,320536,1808.05557,0.140589,392,1,,,2019-09-12,2018-08-16,Biosensing,"The Biosensing program is part of the Engineering Biology and Health cluster, which also includes 1) the Biophotonics program; 2) the Cellular and Biochemical Engineering program; 3) the Disability and Rehabilitation Engineering program; and 4) the Engineering of Biomedical Systems program. The Bios",Digital Biosensing By Foundry-Fabricated Graphene Sensors,"Biomedical and environmental testing currently require access to highly specialized facilities or extensive training. Current biochemical tests require complex reagents to achieve a simple human readable result such as a color change. This results in low-information tests, with high reagent costs. To maximize information from testing while minimizing costs, biotechnology should leverage complex analysis enabled by advanced portable computing power and use simplified reagents. Nanotechnologists have created proof-of-concept devices to move diagnosis and monitoring from large core labs to hand-held, easy-to-use personal devices, but none have achieved large-scale manufacturability. We demonstrate the first economical nanoelectronics produced in a commercial foundry. The mass-manufacture of these graphene-based digital biosensors is achieved by successfully integrating delicate graphene material into standard electronic high-volume production processes. We describe critical manufacturing parameters and the results of biosensing measurements that establish graphene biosensors as a portable, low-cost method to gain precise data without labeled, complex reagents. The low power and resource usage of these biosensors enable individuals to gain personal, immediate control over precise biological and environmental data.",
GS_090,tw36,tw36,env_energy,env_energy,env_energy,env_energy,recent_2019_2024,low,2022,338826,2001.09786,0.100063,790,1,,,2022-03-21,2020-01-21,Conservation Innovation Grants (CIG) for Federal fiscal year (FY) 2022 &#8211; South Carolina,Notice of Funding Opportunity Summary This Notice of Funding Opportunity (NFO) is being released prior to appropriation and/or apportionment of funds for fiscal year 2022. Enactment of additional continuing resolutions or an appropriations act may affect the availability or level of funding for this,"Artificial Intelligence for Digital Agriculture at Scale: Techniques, Policies, and Challenges","Digital agriculture has the promise to transform agricultural throughput. It can do this by applying data science and engineering for mapping input factors to crop throughput, while bounding the available resources. In addition, as the data volumes and varieties increase with the increase in sensor deployment in agricultural fields, data engineering techniques will also be instrumental in collection of distributed data as well as distributed processing of the data. These have to be done such that the latency requirements of the end users and applications are satisfied. Understanding how farm technology and big data can improve farm productivity can significantly increase the world's food production by 2050 in the face of constrained arable land and with the water levels receding. While much has been written about digital agriculture's potential, little is known about the economic costs and benefits of these emergent systems. In particular, the on-farm decision making processes, both in terms of adoption and optimal implementation, have not been adequately addressed. For example, if some algorithm needs data from multiple data owners to be pooled together, that raises the question of data ownership. This paper is the first one to bring together the important questions that will guide the end-to-end pipeline for the evolution of a new generation of digital agricultural solutions, driving the next revolution in agriculture and sustainability under one umbrella.",
GS_091,negative,negative,biomed__x__cs,biomed,cs,biomed__x__cs,early_2008_2012,random_cross_domain,2012,160333,2103.05152,,-3266,0,,,2012-03-30,2021-03-09,"Hemoglobinopathies Surveillance, Health Promotion, and Laboratory Capacity Demonstration Project","The purpose of this cooperative agreement is to expand upon the work of the Registry and Surveillance for Hemoglobinopathies (RuSH) project so as to address the new Healthy People 2020 topic, Blood Disorders and Blood Safety. This will be a demonstration project addressing three areas of Public Heal",Knowledge Evolution in Neural Networks,"Deep learning relies on the availability of a large corpus of data (labeled or unlabeled). Thus, one challenging unsettled question is: how to train a deep network on a relatively small dataset? To tackle this question, we propose an evolution-inspired training approach to boost performance on relatively small datasets. The knowledge evolution (KE) approach splits a deep network into two hypotheses: the fit-hypothesis and the reset-hypothesis. We iteratively evolve the knowledge inside the fit-hypothesis by perturbing the reset-hypothesis for multiple generations. This approach not only boosts performance, but also learns a slim network with a smaller inference cost. KE integrates seamlessly with both vanilla and residual convolutional networks. KE reduces both overfitting and the burden for data collection. We evaluate KE on various network architectures and loss functions. We evaluate KE using relatively small datasets (e.g., CUB-200) and randomly initialized deep networks. KE achieves an absolute 21% improvement margin on a state-of-the-art baseline. This performance improvement is accompanied by a relative 73% reduction in inference cost. KE achieves state-of-the-art results on classification and metric learning benchmarks. Code available at http://bit.ly/3uLgwYb",biomed__x__cs
GS_092,negative,negative,biomed__x__cs,cs,biomed,biomed__x__cs,mid_2013_2018,random_cross_domain,2017,293111,2312.12682,,-2445,0,,,2017-04-10,2023-12-20,Civic and Tech through English Language (CTEL),Civic and Tech through English Language II (CTEL II) program will provide English language training courses aimed at improving English language command among Civic Education and Internet and Computer Technologies (ICT) teachers and promoting as well as advancing integrated teaching and learning in t,Mini-GPTs: Efficient Large Language Models through Contextual Pruning,"In AI research, the optimization of Large Language Models (LLMs) remains a significant challenge, crucial for advancing the field's practical applications and sustainability. Building upon the foundational work of Professor Song Han's lab at MIT, this paper introduces a novel approach in developing Mini-GPTs via contextual pruning. Our methodology strategically prunes the computational architecture of traditional LLMs, like Phi-1.5, focusing on retaining core functionalities while drastically reducing model sizes. We employ the technique across diverse and complex datasets, including US law, Medical Q&A, Skyrim dialogue, English-Taiwanese translation, and Economics articles. The results underscore the efficiency and effectiveness of contextual pruning, not merely as a theoretical concept but as a practical tool in developing domain-specific, resource-efficient LLMs. Contextual pruning is a promising method for building domain-specific LLMs, and this research is a building block towards future development with more hardware compute, refined fine-tuning, and quantization.",biomed__x__cs
GS_093,negative,negative,biomed__x__cs,biomed,cs,biomed__x__cs,recent_2019_2024,random_cross_domain,2024,353362,1706.01299,,2494,1,,,2024-04-03,2017-06-05,GOLDen hour extended EVACuation (GOLDEVAC),The Defense Advanced Research Projects Agency (DARPA) is soliciting innovative proposals in the following technical area: intravascular gas-exchange and trauma resuscitation through a single intravascular cannula. Proposed research should investigate innovative approaches that enable revolutionary a,Iterated Elliptic and Hypergeometric Integrals for Feynman Diagrams,"We calculate 3-loop master integrals for heavy quark correlators and the 3-loop QCD corrections to the $\rho$-parameter. They obey non-factorizing differential equations of second order with more than three singularities, which cannot be factorized in Mellin-$N$ space either. The solution of the homogeneous equations is possible in terms of convergent close integer power series as $_2F_1$ Gau\ss{} hypergeometric functions at rational argument. In some cases, integrals of this type can be mapped to complete elliptic integrals at rational argument. This class of functions appears to be the next one arising in the calculation of more complicated Feynman integrals following the harmonic polylogarithms, generalized polylogarithms, cyclotomic harmonic polylogarithms, square-root valued iterated integrals, and combinations thereof, which appear in simpler cases. The inhomogeneous solution of the corresponding differential equations can be given in terms of iterative integrals, where the new innermost letter itself is not an iterative integral. A new class of iterative integrals is introduced containing letters in which (multiple) definite integrals appear as factors. For the elliptic case, we also derive the solution in terms of integrals over modular functions and also modular forms, using $q$-product and series representations implied by Jacobi's $\vartheta_i$ functions and Dedekind's $\eta$-function. The corresponding representations can be traced back to polynomials out of Lambert--Eisenstein series, having representations also as elliptic polylogarithms, a $q$-factorial $1/\eta^k(\tau)$, logarithms and polylogarithms of $q$ and their $q$-integrals. Due to the specific form of the physical variable $x(q)$ for different processes, different representations do usually appear. Numerical results are also presented.",biomed__x__cs
GS_094,negative,negative,biomed__x__cs,cs,biomed,biomed__x__cs,early_2008_2012,random_cross_domain,2008,41890,2407.02984,,-5874,0,,,2008-06-03,2024-07-03,ROSES 2008: Planetary Instrument Definition and Development,"NNH08ZDA001N, entitled ""Research Opportunities in Space and Earth Sciences - 2008 (ROSES-2008),"" will be available on or about February 15, 2008, by opening the NASA Research Opportunities homepage at http://nspires.nasaprs.com/ and then linking through the menu listings ""Solicitations"" to ""Open Sol",Semantically Rich Local Dataset Generation for Explainable AI in Genomics,"Black box deep learning models trained on genomic sequences excel at predicting the outcomes of different gene regulatory mechanisms. Therefore, interpreting these models may provide novel insights into the underlying biology, supporting downstream biomedical applications. Due to their complexity, interpretable surrogate models can only be built for local explanations (e.g., a single instance). However, accomplishing this requires generating a dataset in the neighborhood of the input, which must maintain syntactic similarity to the original data while introducing semantic variability in the model's predictions. This task is challenging due to the complex sequence-to-function relationship of DNA. We propose using Genetic Programming to generate datasets by evolving perturbations in sequences that contribute to their semantic diversity. Our custom, domain-guided individual representation effectively constrains syntactic similarity, and we provide two alternative fitness functions that promote diversity with no computational effort. Applied to the RNA splicing domain, our approach quickly achieves good diversity and significantly outperforms a random baseline in exploring the search space, as shown by our proof-of-concept, short RNA sequence. Furthermore, we assess its generalizability and demonstrate scalability to larger sequences, resulting in a ~30% improvement over the baseline.",biomed__x__cs
GS_095,negative,negative,biomed__x__cs,biomed,cs,biomed__x__cs,mid_2013_2018,random_cross_domain,2017,292288,1011.6441,,2290,1,,,2017-03-08,2010-11-30,USAID&apos;s Essential Health Services Program (USAID&apos;s EHSP),"The United States Agency for International Development in Burma (USAID/Burma) is seeking applications from qualified organizations to implement the USAID’s Essential Health Services Program. USAID/Burma anticipates awarding one five-year cooperative agreement to improve the quality, delivery, financ",LP Decodable Permutation Codes based on Linearly Constrained Permutation Matrices,"A set of linearly constrained permutation matrices are proposed for constructing a class of permutation codes. Making use of linear constraints imposed on the permutation matrices, we can formulate a minimum Euclidian distance decoding problem for the proposed class of permutation codes as a linear programming (LP) problem. The main feature of this class of permutation codes, called LP decodable permutation codes, is this LP decodability. It is demonstrated that the LP decoding performance of the proposed class of permutation codes is characterized by the vertices of the code polytope of the code. Two types of linear constraints are discussed; one is structured constraints and another is random constraints. The structured constraints such as pure involution lead to an efficient encoding algorithm. On the other hand, the random constraints enable us to use probabilistic methods for analyzing several code properties such as the average cardinality and the average weight distribution.",biomed__x__cs
GS_096,negative,negative,biomed__x__env_energy,biomed,env_energy,biomed__x__env_energy,early_2008_2012,random_cross_domain,2012,189974,2207.07228,,-3628,0,,,2012-08-07,2022-07-14,Development and Application of Systems Approaches for Analyzing the Impact of Genomic Variation on Tissue Transcriptomes (R01),"This NIH Funding Opportunity Announcement (FOA), supported by funds from the NIH Common Fund, invites applications for R01 awards for statistical analysis of Genotype-Tissue Expression (GTEx) data. The goal of the GTEx program is to develop a data and sample resource to study the relationship betwee",Multi-FEAT: Multi-Feature Edge AlignmenT for Targetless Camera-LiDAR Calibration,"The accurate environment perception of automobiles and UAVs (Unmanned Ariel Vehicles) relies on the precision of onboard sensors, which require reliable in-field calibration. This paper introduces a novel approach for targetless camera-LiDAR extrinsic calibration called Multi-FEAT (Multi-Feature Edge AlignmenT). Multi-FEAT uses the cylindrical projection model to transform the 2D(Camera)-3D(LiDAR) calibration problem into a 2D-2D calibration problem, and exploits various LiDAR feature information to supplement the sparse LiDAR point cloud boundaries. In addition, a feature matching function with a precision factor is designed to improve the smoothness of the solution space. The performance of the proposed Multi-FEAT algorithm is evaluated using the KITTI dataset, and our approach shows more reliable results, as compared with several existing targetless calibration methods. We summarize our results and present potential directions for future work.",biomed__x__env_energy
GS_097,negative,negative,biomed__x__env_energy,env_energy,biomed,biomed__x__env_energy,mid_2013_2018,random_cross_domain,2013,236800,2212.09610,,-3463,0,,,2013-06-26,2022-12-19,Capacity Building for Sustainable Communities,"This NOFA is part of a cross-agency collaboration between HUD, the U.S. Department of Transportation (DOT), and the U.S. Environmental Protection Agency (EPA), known as the Partnership for Sustainable Communities. The Capacity Building for Sustainable Communities Program (Program), through this NOFA","Drying of Bio-colloidal Sessile Droplets: Advances, Applications, and Perspectives","Drying of biologically-relevant sessile droplets, including passive systems (like DNA and proteins), as well as active microbial systems comprising bacteria and algae, have garnered considerable attention over the last decades. Distinct morphological patterns emerge when bio-colloids undergo drying, with significant potential in a range of biomedical applications, spanning bio-sensing, medical diagnostics, drug delivery, and antimicrobial resistance. This review presents a comprehensive overview of bio-colloidal droplets drying on solid substrates, focusing on the experimental progress during the last ten years. We provide a summary of the relevant properties of bio-colloids and link their composition (constituent particles, solvent, and concentrations) to the patterns emerging due to drying. We examined the drying patterns generated by passive bio-colloids (DNA, globular, fibrous, and composite proteins, plasma, serum, blood, urine, tears, saliva). This article highlights how morphological patterns are influenced by the nature of the biological entities and the solvent, micro- and global environmental conditions. Correlations between emergent patterns and the initial droplet compositions enable the detection of potential clinical abnormalities when compared with the patterns of drying droplets of healthy control samples, offering a diagnostic blueprint. Recent experimental investigations of pattern formation in the bio-mimetic and salivary drying droplets, relevant to COVID-19 are also presented. Finally, we summarize the role of biologically active agents in drying process, including bacteria and algae during the drying process. The review concludes with a perspective on the next generation of research and applications based on drying droplets, enabling potential innovations and tools to study this exciting interface of physics, biology, data sciences, and machine learning.",biomed__x__env_energy
GS_098,negative,negative,biomed__x__env_energy,biomed,env_energy,biomed__x__env_energy,recent_2019_2024,random_cross_domain,2020,328181,2103.12088,,-248,0,,,2020-07-17,2021-03-22,Integrative Research to Understand the Impact of Sex Differences on the Molecular Determinants of AD Risk and Responsiveness to Treatment (R01 Clinical Trial Optional),"This Funding Opportunity Announcement (FOA) invites applications that apply a cross-disciplinary and team science approach to gain comprehensive mechanistic understanding of the impact of sex differences on the trajectories of brain aging, phenotypes, and risk of Alzheimer's Disease (AD) and AD-rela",The hydrodynamic evolution of binary black holes embedded within the vertically stratified disks of active galactic nuclei,"Stellar-mass black holes can become embedded within the gaseous disks of active galactic nuclei (AGNs). Afterwards, their interactions are mediated by their gaseous surroundings. In this work, we study the evolution of stellar-mass binary black holes (BBHs) embedded within AGN disks using a combination of three-dimensional hydrodynamic simulations and analytic methods, focusing on environments in which the AGN disk scale height $H$ is $\gtrsim$ the BBH sphere of influence. We model the local surroundings of the embedded BBHs using a wind tunnel formalism and characterize different accretion regimes based on the local properties of the disk, which range from wind-dominated to quasi-spherical. We use our simulations to develop prescriptions for mass accretion and drag for embedded BBHs. We use these prescriptions, along with AGN disk models that can represent the Toomre-unstable outer regions of AGN disks, to study the long-term evolution of the BBHs as they migrate through the disk. We find that BBHs typically merge within $\lesssim 5-30\,{\rm Myr}$, increasing their mass significantly in the process, allowing BBHs to enter (or cross) the pair-instability supernova mass gap. The rate at which gas is supplied to these BBHs often exceeds the Eddington limit, sometimes by several orders of magnitude. We conclude that most embedded BBHs will merge before migrating significantly in the disk. Depending on the conditions of the ambient gas and the distance to the system, LISA can detect the transition between the gas-dominated and gravitational wave dominated regime for inspiraling BBHs that are formed sufficiently close to the AGN ($\lesssim$ 0.1 pc). We also discuss possible electromagnetic signatures during and following the inspiral, finding that it is generally unlikely but not inconceivable for the bolometric luminosity of the BBH to exceed that of the host AGN.",biomed__x__env_energy
GS_099,negative,negative,biomed__x__env_energy,env_energy,biomed,biomed__x__env_energy,early_2008_2012,random_cross_domain,2009,45926,1709.00373,,-3097,0,,,2009-03-10,2017-09-01,Geoscientist Intern Program for BLM,"To provide valuable on-the-ground experience to interns seeking to gain knowledge, skills and abilities in geoscience related work on public land science projects. The projects will also contribute to accomplishing a variety of geoscience related work for successful natural resource management on pu",Dosimetric evidence confirms computational model for magnetic field induced dose distortions of therapeutic proton beams,"Given the sensitivity of proton therapy to anatomical variations, this cancer treatment modality is expected to benefit greatly from integration with magnetic resonance (MR) imaging. One of the obstacles hindering such an integration are strong magnetic field induced dose distortions. These have been predicted in simulation studies, but no experimental validation has been performed so far. Here we show the first measurement of planar distributions of dose deposited by therapeutic proton pencil beams traversing a one-Tesla transversal magnetic field while depositing energy in a tissue-like phantom using film dosimetry. The lateral beam deflection ranges from one millimeter to one centimeter for 80 to 180 MeV beams. Simulated and measured deflection agree within one millimeter for all studied energies. These results proof that the magnetic field induced proton beam deflection is both measurable and accurately predictable. This demonstrates the feasibility of accurate dose measurement and hence validates dose predictions for the framework of MR-integrated proton therapy.",biomed__x__env_energy
GS_100,negative,negative,biomed__x__env_energy,biomed,env_energy,biomed__x__env_energy,mid_2013_2018,random_cross_domain,2018,301794,astro-ph/0604197,,4518,1,,,2018-08-23,2006-04-10,Building and Improving Laboratory Capacity and Quality in the Democratic Republic of Congo (DRC) under the President&apos;s Emergency Plan for AIDS Relief (PEPFAR),"Access to quality assured diagnostics and laboratory services is critical to the effective diagnosis, treatment, and management of HIV and other HIV-related diseases, including TB. Achieving the UNAIDS 95-95-95 targets requires establishment and operationalization of laboratory and diagnostic networ",Observation of VHE Gamma Radiation from HESS J1834-087/W41 with the MAGIC Telescope,"Recently, the HESS array has reported the detection of gamma-ray emission above a few hundred GeV from eight new sources located close to the Galactic Plane. The source HESS J1834-087 is spatially coincident with SNR G23.3-0.3 (W41). Here we present MAGIC observations of this source, resulting in the detection of a differential gamma-ray flux consistent with a power law, described as dN/(dA dt dE) = (3.7 +/- 0.6)*10^(-12) (E/TeV)^(-2.5 +/- 0.2) \ cm^(-2)s^(-1)TeV^(-1). We confirm the extended character of this flux. We briefly discuss the observational technique used, the procedure implemented for the data analysis, and put this detection in the perspective of the molecular environment found in the region of W41. We present 13CO and 12CO emission maps showing the existence of a massive molecular cloud in spatial superposition with the MAGIC detection.",biomed__x__env_energy
GS_101,negative,negative,cs__x__env_energy,cs,env_energy,cs__x__env_energy,early_2008_2012,random_cross_domain,2012,212693,1808.03742,,-2059,0,,,2012-12-21,2018-08-11,Antarctic Research,"Scientific research, along with operational support of that research, is the principal activity of the U.S. Antarctic Program in Antarctica. The National Science Foundation's Antarctic Sciences Section fosters research on globally and regionally important scientific problems. In particular, the Anta",Efficient Fourier Basis Particle Simulation,"The standard particle-in-cell algorithm suffers from grid heating. There exists a gridless alternative which bypasses the deposition step and calculates each Fourier mode of the charge density directly from the particle positions. We show that a gridless method can be computed efficiently through the use of an Unequally Spaced Fast Fourier Transform (USFFT) algorithm. After a spectral field solve, the forces on the particles are calculated via the inverse USFFT (a rapid solution of an approximate linear system). We provide one and two dimensional implementations of this algorithm with an asymptotic runtime of $O(N_p + N_m^D \log N_m^D)$ for each iteration, identical to the standard PIC algorithm (where $N_p$ is the number of particles and $N_m$ is the number of Fourier modes, and $D$ is the spatial dimensionality of the problem) We demonstrate superior energy conservation and reduced noise, as well as convergence of the energy conservation at small time steps.",cs__x__env_energy
GS_102,negative,negative,cs__x__env_energy,env_energy,cs,cs__x__env_energy,mid_2013_2018,random_cross_domain,2015,277598,1102.2382,,1603,1,,,2015-07-01,2011-02-09,"Cooperative Ecosystem Studies Unit, Chesapeak Watershed CESU","national-level science problem with novel methods. The expertise and contributions of external technology partners is required for this scientific pursuit which is aligning USGS interests with recently recognized national priorities with regard to pollination, thus representing a significant opportu",A Comparison of Two Human Brain Tumor Segmentation Methods for MRI Data,"The most common primary brain tumors are gliomas, evolving from the cerebral supportive cells. For clinical follow-up, the evaluation of the preoperative tumor volume is essential. Volumetric assessment of tumor volume with manual segmentation of its outlines is a time-consuming process that can be overcome with the help of computerized segmentation methods. In this contribution, two methods for World Health Organization (WHO) grade IV glioma segmentation in the human brain are compared using magnetic resonance imaging (MRI) patient data from the clinical routine. One method uses balloon inflation forces, and relies on detection of high intensity tumor boundaries that are coupled with the use of contrast agent gadolinium. The other method sets up a directed and weighted graph and performs a min-cut for optimal segmentation results. The ground truth of the tumor boundaries - for evaluating the methods on 27 cases - is manually extracted by neurosurgeons with several years of experience in the resection of gliomas. A comparison is performed using the Dice Similarity Coefficient (DSC), a measure for the spatial overlap of different segmentation results.",cs__x__env_energy
GS_103,negative,negative,cs__x__env_energy,cs,env_energy,cs__x__env_energy,recent_2019_2024,random_cross_domain,2020,323684,astro-ph/0605598,,4986,1,,,2020-01-16,2006-05-23,FY2020 NOAA Ruth Gates Coral Restoration Innovation Grants,"PLEASE NOTE: If an applicant mails an application they should also submit the application by email. All emailed applications will need to be verified by the receipt of an application postmarked or submitted to a delivery service by the deadline (March 30, 2020 11:59PM eastern time). Due to the CORVI",Results from the Exoplanet Search Programmes with BEST and TEST,"Thueringer Landessternwarte Tautenburg (TLS) has started to operate a small dedicated telescope - the Tautenburg Exoplanet Search Telescope (TEST) - searching for transits of extrasolar planets in photometric time series observations. In a joint effort with the Berlin Exoplanet Search Telescope (BEST) operated by the Institut fuer Planetenforschung of the ""Deutsches Zentrum fuer Luft- und Raumfahrt (DLR)"" at the Observatoire de Haute-Provence (OHP), France, two observing sites are used to optimise transit search. Here, we give a short overview of these systems and the data analysis. We describe a software pipeline that we have set up to identify transit events of extrasolar planets and variable stars in time series data from these and other telescopes, and report on some first results.",cs__x__env_energy
GS_104,negative,negative,cs__x__env_energy,env_energy,cs,cs__x__env_energy,early_2008_2012,random_cross_domain,2012,160233,2407.10670,,-4491,0,,,2012-03-29,2024-07-15,Building Opportunity Out of Science and Technology (BOOST),The Bureau of Oceans and International Environmental and Scientific Affairs? (OES) Office of Science and Technology Cooperation at the Department of State announces the Request for Applications (RFA) for the Building Opportunity Out of Science and Technology (BOOST) program. This program aims to adv,Enhancing Retrieval and Managing Retrieval: A Four-Module Synergy for Improved Quality and Efficiency in RAG Systems,"Retrieval-augmented generation (RAG) techniques leverage the in-context learning capabilities of large language models (LLMs) to produce more accurate and relevant responses. Originating from the simple 'retrieve-then-read' approach, the RAG framework has evolved into a highly flexible and modular paradigm. A critical component, the Query Rewriter module, enhances knowledge retrieval by generating a search-friendly query. This method aligns input questions more closely with the knowledge base. Our research identifies opportunities to enhance the Query Rewriter module to Query Rewriter+ by generating multiple queries to overcome the Information Plateaus associated with a single query and by rewriting questions to eliminate Ambiguity, thereby clarifying the underlying intent. We also find that current RAG systems exhibit issues with Irrelevant Knowledge; to overcome this, we propose the Knowledge Filter. These two modules are both based on the instruction-tuned Gemma-2B model, which together enhance response quality. The final identified issue is Redundant Retrieval; we introduce the Memory Knowledge Reservoir and the Retriever Trigger to solve this. The former supports the dynamic expansion of the RAG system's knowledge base in a parameter-free manner, while the latter optimizes the cost for accessing external knowledge, thereby improving resource utilization and response efficiency. These four RAG modules synergistically improve the response quality and efficiency of the RAG system. The effectiveness of these modules has been validated through experiments and ablation studies across six common QA datasets. The source code can be accessed at https://github.com/Ancientshi/ERM4.",cs__x__env_energy
GS_105,negative,negative,cs__x__env_energy,cs,env_energy,cs__x__env_energy,mid_2013_2018,random_cross_domain,2015,275117,1809.10499,,-1295,0,,,2015-03-12,2018-09-27,ROSES 2015: Exobiology,"This ROSES NRA (NNH15ZDA001N) solicits basic and applied research in support of NASA’s Science Mission Directorate (SMD). This NRA covers all aspects of basic and applied supporting research and technology in space and Earth sciences, including, but not limited to: theory, modeling, and analysis of ",Collective behavior recognition using compact descriptors,"This paper presents a novel hierarchical approach for collective behavior recognition based solely on ground-plane trajectories. In the first layer of our classifier, we introduce a novel feature called Personal Interaction Descriptor (PID), which combines the spatial distribution of a pair of pedestrians within a temporal window with a pyramidal representation of the relative speed to detect pairwise interactions. These interactions are then combined with higher level features related to the mean speed and shape formed by the pedestrians in the scene, generating a Collective Behavior Descriptor (CBD) that is used to identify collective behaviors in a second stage. In both layers, Random Forests were used as classifiers, since they allow features of different natures to be combined seamlessly. Our experimental results indicate that the proposed method achieves results on par with state of the art techniques with a better balance of class errors. Moreover, we show that our method can generalize well across different camera setups through cross-dataset experiments.",cs__x__env_energy
