review_id,domain,opportunity_id,opportunity_title,grant_description,raw_arxiv_id,raw_paper_title,arxiv_abstract,raw_similarity,raw_lag_days,lang_arxiv_id,lang_paper_title,lang_similarity,lang_lag_days,tw36_arxiv_id,tw36_paper_title,tw36_similarity,tw36_lag_days,dup_arxiv_id,dup_paper_title,dup_similarity,dup_lag_days,keep_for_eval_bool,overall_label,error_type,review_notes
BIOMED_01,biomed,355954,Suivi communautaire des Programmes et Politiques li&#233;s au VIH,"Le maintien en vie des personnes vivant avec le VIH (PVVIH) sous traitement antirétroviral (ARV) reste un défi pour atteindre les objectifs 95-95-95 de l'ONUSIDA.L'initiative de Suivi Communautaire/The Community-Led Monitoring (CLM) vise à aider les programmes et les établissements du Plan d'urgence du Président des États-Unis d'Amérique pour la lutte contre le SIDA (U.S. President's Emergency Plan for AIDS Relief PEPFAR) à s'assurer qu'ils fournissent des services de qualité que les bénéficiaires souhaitent utiliser en collaboration avec les organisations communautaires et leurs pairs navigateurs. La collaboration avec les groupes communautaires, les organisations de la société civile et les patients/bénéficiaires peut aider les programmes de lutte contre le VIH et les institutions de santé à identifier les obstacles et les leviers pour faciliter l'accès et l'utilisation des services de lutte contre le VIH et à améliorer la rétention.",1106.2206,"Nanomaterials : a review of the definitions, applications, health effects. How to implement secure development Nanomat\'eriaux : une revue des d\'efinitions, des applications, des effets sanitaires et des moyens \`a mettre en oeuvre pour un d\'eveloppement s\'ecuris\'e","Nanomaterials are an active area of research but also an economic sector in full expansion which addresses many applications domains. For instance, french production for the most common nanomaterials (such as silica, titanium dioxide, carbon black) is in the hundreds of thousands of tons. As for any innovation, one must consider the risks and, if necessary, establish rules to protect consumer health and that of the worker. This paper addresses in particular difficulties in defining these materials, the state of knowledge on human or environmental toxicity and requirements and agencies in charge of safety.---Les nanomat\'eriaux repr\'esentent un domaine de recherche actif mais aussi un secteur \'economique en pleine expansion en vue de nombreuses applications. Par exemple la production fran\c{c}aise pour les mat\'eriaux les plus courants (comme la silice, le dioxyde de titane, le noir de carbone) se chiffre en centaines de milliers de tonnes. Comme c'est le cas pour toute innovation, il convient de s'interroger sur les risques et, si n\'ecessaire, de fixer des r\`egles pour prot\'eger la sant\'e du consommateur et celle du travailleur. On discute en particulier les difficult\'es pour d\'efinir ces mat\'eriaux, de l'\'etat des connaissances en mati\`ere de toxicit\'e humaine ou environnementale et des prescriptions des agences en mati\`ere de s\'ecurit\'e.",0.538752,4807,,,,,2303.13590,Une comparaison des algorithmes d'apprentissage pour la survie avec donn\'ees manquantes,0.448627,504,1106.2206,"Nanomaterials : a review of the definitions, applications, health effects. How to implement secure development Nanomat\'eriaux : une revue des d\'efinitions, des applications, des effets sanitaires et des moyens \`a mettre en oeuvre pour un d\'eveloppement s\'ecuris\'e",0.538752,4807,False,Not Related at all,language gap  mismatching,"This is something that is completely mis-matching, with language complete different, and I would say the realms of these two texts are completely different, one is about HIV, another is about chemistry engineering."
BIOMED_02,biomed,344521,Supporting the use of Real-World Data to Generate Real-World Evidence in Regulatory Decision-Making (U01) Clinical Trials Optional,The purpose of this Funding Opportunity Announcement (FOA) is to address topics related to FDA's Real-World Evidence (RWE) Program and to enable FDA to assess the potential utility of real-world data (RWD) in generating RWE.,2410.06586,Use of Real-World Data and Real-World Evidence in Rare Disease Drug Development: A Statistical Perspective,"Real-world data (RWD) and real-world evidence (RWE) have been increasingly used in medical product development and regulatory decision-making, especially for rare diseases. After outlining the challenges and possible strategies to address the challenges in rare disease drug development (see the accompanying paper), the Real-World Evidence (RWE) Scientific Working Group of the American Statistical Association Biopharmaceutical Section reviews the roles of RWD and RWE in clinical trials for drugs treating rare diseases. This paper summarizes relevant guidance documents and frameworks by selected regulatory agencies and the current practice on the use of RWD and RWE in natural history studies and the design, conduct, and analysis of rare disease clinical trials. A targeted learning roadmap for rare disease trials is described, followed by case studies on the use of RWD and RWE to support a natural history study and marketing applications in various settings.",0.525868,-666,2410.06586,Use of Real-World Data and Real-World Evidence in Rare Disease Drug Development: A Statistical Perspective,0.525864,-666,2205.08643,Targeted learning: Towards a future informed by real-world evidence,0.36409,210,2410.06586,Use of Real-World Data and Real-World Evidence in Rare Disease Drug Development: A Statistical Perspective,0.525868,-666,True,Strong Relavance,scope_mismatch," in topic, but paper more in a specific angle, more detailed granulation， but fine enough"
BIOMED_03,biomed,326652,Emergency Awards: Rapid Investigation of Severe Acute Respiratory Syndrome Coronavirus 2 (SARS-CoV-2) and Coronavirus Disease 2019 (COVID-19) (R01 Clinical Trial Not Allowed),The purpose of this Funding Opportunity Announcement (FOA) is to provide an expedited (rapid) funding mechanism for research on Severe Acute Respiratory Syndrome Coronavirus 2 (SARS-CoV-2) and Coronavirus Disease 2019 (COVID-19).,2103.02723,Identification and Development of Therapeutics for COVID-19,"After emerging in China in late 2019, the novel Severe acute respiratory syndrome-like coronavirus 2 (SARS-CoV-2) spread worldwide and as of early 2021, continues to significantly impact most countries. Only a small number of coronaviruses are known to infect humans, and only two are associated with the severe outcomes associated with SARS-CoV-2: Severe acute respiratory syndrome-related coronavirus, a closely related species of SARS-CoV-2 that emerged in 2002, and Middle East respiratory syndrome-related coronavirus, which emerged in 2012. Both of these previous epidemics were controlled fairly rapidly through public health measures, and no vaccines or robust therapeutic interventions were identified. However, previous insights into the immune response to coronaviruses gained during the outbreaks of severe acute respiratory syndrome (SARS) and Middle East respiratory syndrome (MERS) have proved beneficial to identifying approaches to the treatment and prophylaxis of novel coronavirus disease 2019 (COVID-19). A number of potential therapeutics against SARS-CoV-2 and the resultant COVID-19 illness were rapidly identified, leading to a large number of clinical trials investigating a variety of possible therapeutic approaches being initiated early on in the pandemic. As a result, a small number of therapeutics have already been authorized by regulatory agencies such as the Food and Drug Administration (FDA) in the United States, and many other therapeutics remain under investigation. Here, we describe a range of approaches for the treatment of COVID-19, along with their proposed mechanisms of action and the current status of clinical investigation into each candidate. The status of these investigations will continue to evolve, and this review will be updated as progress is made.",0.496494,-307,2103.02723,Identification and Development of Therapeutics for COVID-19,0.49649,-307,2004.14114,"Decoding SARS-CoV-2 transmission, evolution and ramification on COVID-19 diagnosis, vaccine, and medicine",0.39057,1,2103.02723,Identification and Development of Therapeutics for COVID-19,0.496494,-307,True,strong relavance,review later than grant,"Fine enough as a review paper, but if a novel research, not temporally right."
BIOMED_04,biomed,326664,Emergency Awards: Rapid Investigation of Severe Acute Respiratory Syndrome Coronavirus 2 (SARS-CoV-2) and Coronavirus Disease 2019 (COVID-19) (R21 Clinical Trial Not Allowed),The purpose of this Funding Opportunity Announcement (FOA) is to provide an expedited (rapid) funding mechanism for research on Severe Acute Respiratory Syndrome Coronavirus 2 (SARS-CoV-2) and Coronavirus Disease 2019 (COVID-19).,2103.02723,Identification and Development of Therapeutics for COVID-19,"After emerging in China in late 2019, the novel Severe acute respiratory syndrome-like coronavirus 2 (SARS-CoV-2) spread worldwide and as of early 2021, continues to significantly impact most countries. Only a small number of coronaviruses are known to infect humans, and only two are associated with the severe outcomes associated with SARS-CoV-2: Severe acute respiratory syndrome-related coronavirus, a closely related species of SARS-CoV-2 that emerged in 2002, and Middle East respiratory syndrome-related coronavirus, which emerged in 2012. Both of these previous epidemics were controlled fairly rapidly through public health measures, and no vaccines or robust therapeutic interventions were identified. However, previous insights into the immune response to coronaviruses gained during the outbreaks of severe acute respiratory syndrome (SARS) and Middle East respiratory syndrome (MERS) have proved beneficial to identifying approaches to the treatment and prophylaxis of novel coronavirus disease 2019 (COVID-19). A number of potential therapeutics against SARS-CoV-2 and the resultant COVID-19 illness were rapidly identified, leading to a large number of clinical trials investigating a variety of possible therapeutic approaches being initiated early on in the pandemic. As a result, a small number of therapeutics have already been authorized by regulatory agencies such as the Food and Drug Administration (FDA) in the United States, and many other therapeutics remain under investigation. Here, we describe a range of approaches for the treatment of COVID-19, along with their proposed mechanisms of action and the current status of clinical investigation into each candidate. The status of these investigations will continue to evolve, and this review will be updated as progress is made.",0.495472,-307,2103.02723,Identification and Development of Therapeutics for COVID-19,0.495469,-307,2004.14114,"Decoding SARS-CoV-2 transmission, evolution and ramification on COVID-19 diagnosis, vaccine, and medicine",0.389765,1,2103.02723,Identification and Development of Therapeutics for COVID-19,0.495472,-307,False,strong relavance,repeat_error,REPEATTED
BIOMED_05,biomed,257130,Polycystic Kidney Disease (PKD) Research and Translation Core Centers (P30),This Funding Opportunity Announcement (FOA) invites applications for Polycystic Kidney Disease (PKD) Research and Translation Core Centers to support both basic and clinical research on PKD.,2309.03033,Deep Learning for Polycystic Kidney Disease: Utilizing Neural Networks for Accurate and Early Detection through Gene Expression Analysis,"With Polycystic Kidney Disease (PKD) potentially leading to fatal complications in patients due to the formation of cysts in kidneys, early detection of PKD is crucial for effective management of the condition. However, the various patient-specific factors that play a role in the diagnosis make it an intricate puzzle for clinicians to solve, leading to possible kidney failure. Therefore, in this study we aim to utilize a deep learning-based approach for early disease detection through gene expression analysis. The devised neural network is able to achieve accurate and robust prediction results for possible PKD in kidneys, thereby improving patient outcomes. Furthermore, by conducting a gene ontology analysis, we were able to predict the top gene processes and functions that PKD may affect.",0.489572,-3375,2309.03033,Deep Learning for Polycystic Kidney Disease: Utilizing Neural Networks for Accurate and Early Detection through Gene Expression Analysis,0.489562,-3375,1402.3502,A potential biomarker of androgen exposure in European bullhead (Cottus sp.) kidney,0.082111,116,2309.03033,Deep Learning for Polycystic Kidney Disease: Utilizing Neural Networks for Accurate and Early Detection through Gene Expression Analysis,0.489572,-3375,True,weak relavance,temporal_mismatch,"Only have the same desease, not granulationaly or detaily match. and Time span alittle bit too long"
BIOMED_06,biomed,324928,Exploring the use of Real-World Data to Generate Real-World Evidence in Regulatory Decision-Making (U01) Clinical Trials Optional,"To support research projects that examine real-world data (RWD), real-world evidence (RWE), and related issues such as data analytics, the use of digital health tools, and innovative trial designs utilizing healthcare settings",2410.06586,Use of Real-World Data and Real-World Evidence in Rare Disease Drug Development: A Statistical Perspective,"Real-world data (RWD) and real-world evidence (RWE) have been increasingly used in medical product development and regulatory decision-making, especially for rare diseases. After outlining the challenges and possible strategies to address the challenges in rare disease drug development (see the accompanying paper), the Real-World Evidence (RWE) Scientific Working Group of the American Statistical Association Biopharmaceutical Section reviews the roles of RWD and RWE in clinical trials for drugs treating rare diseases. This paper summarizes relevant guidance documents and frameworks by selected regulatory agencies and the current practice on the use of RWD and RWE in natural history studies and the design, conduct, and analysis of rare disease clinical trials. A targeted learning roadmap for rare disease trials is described, followed by case studies on the use of RWD and RWE to support a natural history study and marketing applications in various settings.",0.486366,-1233,2410.06586,Use of Real-World Data and Real-World Evidence in Rare Disease Drug Development: A Statistical Perspective,0.486352,-1233,2101.08904,Applications of artificial intelligence in drug development using real-world data,0.368599,123,2410.06586,Use of Real-World Data and Real-World Evidence in Rare Disease Drug Development: A Statistical Perspective,0.486366,-1233,True,Strong Relavance,duplicate_candidate,"though it is matching the most frequent review paper, in this topic, but a little bit too dubplicated"
BIOMED_07,biomed,325478,Exploring the use of Real-World Data to Generate Real-World Evidence in Regulatory Decision-Making (U01) Clinical Trials Optional,"The purpose of this Funding Opportunity Announcement (FOA) is to support research projects that examine real-world data (RWD), real-world evidence (RWE), and related issues such as data analytics, the use of digital health tools, and innovative trial designs utilizing healthcare settings.",2410.06586,Use of Real-World Data and Real-World Evidence in Rare Disease Drug Development: A Statistical Perspective,"Real-world data (RWD) and real-world evidence (RWE) have been increasingly used in medical product development and regulatory decision-making, especially for rare diseases. After outlining the challenges and possible strategies to address the challenges in rare disease drug development (see the accompanying paper), the Real-World Evidence (RWE) Scientific Working Group of the American Statistical Association Biopharmaceutical Section reviews the roles of RWD and RWE in clinical trials for drugs treating rare diseases. This paper summarizes relevant guidance documents and frameworks by selected regulatory agencies and the current practice on the use of RWD and RWE in natural history studies and the design, conduct, and analysis of rare disease clinical trials. A targeted learning roadmap for rare disease trials is described, followed by case studies on the use of RWD and RWE to support a natural history study and marketing applications in various settings.",0.472527,-1668,2410.06586,Use of Real-World Data and Real-World Evidence in Rare Disease Drug Development: A Statistical Perspective,0.472515,-1668,1805.06839,Methods for the inclusion of real world evidence in network meta-analysis,0.242056,669,2410.06586,Use of Real-World Data and Real-World Evidence in Rare Disease Drug Development: A Statistical Perspective,0.472527,-1668,True,Strong Relavance,duplicate_candidate,"though it is matching the most frequent review paper, in this topic, but a little bit too dubplicated"
BIOMED_08,biomed,339641,RFI - HIV Care and Treatment,"The United States Government, represented by the Agency for International Development (USAID) in Guatemala is conducting this Request for Information (RFI) to identify local organizations in the Central America Region who possess the capabilities to implement the HIV Care and Treatment Project. El Gobierno de los Estados Unidos, representado por la Agencia para el Desarrollo Internacional (USAID) en Guatemala, está realizando esta Solicitud de Información (RFI) para identificar organizaciones locales en la Región de América Central que posean las capacidades para implementar el Proyecto de Atención y Tratamiento del VIH.",2012.03188,Representaciones del aprendizaje reutilizando los gradientes de la retropropagacion,"This work proposes an algorithm for taking advantage of backpropagation gradients to determine feature importance at different stages of training. Additionally, we propose a way to represent the learning process qualitatively. Experiments were performed over the Wisconsin cancer dataset provided by sklearn, and results showed an interesting convergence of the so called ""learning gradients"" towards the most important features. --- Este trabajo propone el algoritmo de gradientes de aprendizaje para encontrar significado en las entradas de una red neuronal. Ademas, se propone una manera de evaluarlas por orden de importancia y representar el proceso de aprendizaje a traves de las etapas de entrenamiento. Los resultados obtenidos utilizan como referencia el conjunto de datos acerca de tumores malignos y benignos en Wisconsin. Esta referencia sirvio para detectar un patron en las variables mas importantes del modelo gracias, asi como su evolucion temporal.",0.457753,500,,,,,2012.03188,Representaciones del aprendizaje reutilizando los gradientes de la retropropagacion,0.457753,500,2012.03188,Representaciones del aprendizaje reutilizando los gradientes de la retropropagacion,0.457753,500,False,Not Related at all,domain_mismatch,Grant is about HIV care and treatment; paper is a machine-learning piece in Spanish on reusing backpropagation gradients. The overlap is basically zero apart from both being technical texts.
BIOMED_09,biomed,281308,The National Syndromic Surveillance Program: Enhancing Syndromic Surveillance Capacity and Practice,The National Syndromic Surveillance Program: Enhancing Syndromic Surveillance Capacity and Practice,2101.12246,Revisiting Non-Specific Syndromic Surveillance,"Infectious disease surveillance is of great importance for the prevention of major outbreaks. Syndromic surveillance aims at developing algorithms which can detect outbreaks as early as possible by monitoring data sources which allow to capture the occurrences of a certain disease. Recent research mainly focuses on the surveillance of specific, known diseases, putting the focus on the definition of the disease pattern under surveillance. Until now, only little effort has been devoted to what we call non-specific syndromic surveillance, i.e., the use of all available data for detecting any kind of outbreaks, including infectious diseases which are unknown beforehand. In this work, we revisit published approaches for non-specific syndromic surveillance and present a set of simple statistical modeling techniques which can serve as benchmarks for more elaborate machine learning approaches. Our experimental comparison on established synthetic data and real data in which we injected synthetic outbreaks shows that these benchmarks already achieve very competitive results and often outperform more elaborate algorithms.",0.45521,-1821,2101.12246,Revisiting Non-Specific Syndromic Surveillance,0.455266,-1821,1501.04732,Strabismic syndromes and syndromic strabismus - a brief review,0.303808,379,2101.12246,Revisiting Non-Specific Syndromic Surveillance,0.45521,-1821,True,Strong Relavance,none,"Both texts live in syndromic surveillance. The grant is about strengthening surveillance capacity, while the paper rethinks non-specific syndromic surveillance methods, so the fit is real even if the paper is more methodological and later."
BIOMED_10,biomed,271457,Analyze and Evaluate Potential Risk Factors for Amyotrophic Lateral Sclerosis (ALS),"The purpose of this funding opportunity announcement (FOA) is to allow for investigator-initiated research that will further the understanding of potential risk factors for amyotrophic lateral sclerosis (ALS), while supporting the goals of the National ALS Registry.",2406.18625,Automatic Prediction of Amyotrophic Lateral Sclerosis Progression using Longitudinal Speech Transformer,"Automatic prediction of amyotrophic lateral sclerosis (ALS) disease progression provides a more efficient and objective alternative than manual approaches. We propose ALS longitudinal speech transformer (ALST), a neural network-based automatic predictor of ALS disease progression from longitudinal speech recordings of ALS patients. By taking advantage of high-quality pretrained speech features and longitudinal information in the recordings, our best model achieves 91.0\% AUC, improving upon the previous best model by 5.6\% relative on the ALS TDI dataset. Careful analysis reveals that ALST is capable of fine-grained and interpretable predictions of ALS progression, especially for distinguishing between rarer and more severe cases. Code is publicly available.",0.451131,-3451,2406.18625,Automatic Prediction of Amyotrophic Lateral Sclerosis Progression using Longitudinal Speech Transformer,0.451134,-3451,1401.0697,"Time series analysis of Parkinson's disease, Huntington's disease and Amyotrophic Lateral Sclerosis",0.317729,379,2406.18625,Automatic Prediction of Amyotrophic Lateral Sclerosis Progression using Longitudinal Speech Transformer,0.451131,-3451,True,partial relavance,scope_mismatch,"Clear ALS overlap, but the grant asks about potential risk factors whereas the paper predicts disease progression from speech. Same disease, different scientific question."
BIOMED_11,biomed,284301,"Coral Reef Assessment at Ritidan Unit, Guam NWR","1. Characterize benthic structure and coral assemblages within the Refugeâ¿¿s boundaries. 2. Provide an inventory of all coral species found in the fore reef (lower spur and groove and upper terrace) and reef flats (i.e., back reef & reef crest) to include presence/absence of ESA listed corals. 3. Determine the presence/absence of coral disease, coral bleaching, or predation upon corals. 4. Produce a final product report that includes photos of coral species and assemblage, benthic GIS maps showing benthic structure and coral species locations, and provide measures of coral diversity, and abundance. A comparison of data collected from the transects surveyed in the previous study will be made.",2412.08228,Hierarchical Classification for Automated Image Annotation of Coral Reef Benthic Structures,"Automated benthic image annotation is crucial to efficiently monitor and protect coral reefs against climate change. Current machine learning approaches fail to capture the hierarchical nature of benthic organisms covering reef substrata, i.e., coral taxonomic levels and health condition. To address this limitation, we propose to annotate benthic images using hierarchical classification. Experiments on a custom dataset from a Northeast Brazilian coral reef show that our approach outperforms flat classifiers, improving both F1 and hierarchical F1 scores by approximately 2\% across varying amounts of training data. In addition, this hierarchical method aligns more closely with ecological objectives.",0.448665,-3115,2412.08228,Hierarchical Classification for Automated Image Annotation of Coral Reef Benthic Structures,0.448675,-3115,1506.03344,Predicting catastrophic shifts,0.13748,357,2412.08228,Hierarchical Classification for Automated Image Annotation of Coral Reef Benthic Structures,0.448665,-3115,True,partial relavance,scope_mismatch,"Coral reef site assessment and automated reef image annotation are in the same ecological workflow, but one is a field-monitoring need and the other is a computer-vision method paper. Related, not exact."
BIOMED_12,biomed,308248,Surveillance for Respiratory Syncytial Virus (RSV) and Other Viral Respiratory Infections Among Native Americans/Alaska Natives,"Respiratory syncytial virus (RSV) is the leading viral cause of lower respiratory tract infection including bronchiolitis and pneumonia in infants and children worldwide. The annual rate of RSV hospitalizations for children less than 2 years of age in the US is 5.2 per 1,000, but substantially higher among Native Americans. There are currently approximately 40 vaccines or antibody products in development designed to prevent RSV infections. With potential licensure of these products on the horizon, it will be important to establish baseline estimates of the burden of RSV infections in high-risk populations, like Native Americans, and to maintain surveillance post-licensure in order to evaluate impact. Native Americans are also at higher risk for severe respiratory infections associated with human metapneumovirus (HMPV) and other viruses, which will also be monitored through this system.",2103.12808,Use of mathematical modelling to assess respiratory syncytial virus epidemiology and interventions: A literature review,"Respiratory syncytial virus (RSV) is a leading cause of acute lower respiratory tract infection worldwide, resulting in approximately sixty thousand annual hospitalizations of <5-year-olds in the United States alone and three million annual hospitalizations globally. The development of over 40 vaccines and immunoprophylactic interventions targeting RSV has the potential to significantly reduce the disease burden from RSV infection in the near future. In the context of RSV, a highly contagious pathogen, dynamic transmission models (DTMs) are valuable tools in the evaluation and comparison of the effectiveness of different interventions. This review, the first of its kind for RSV DTMs, provides a valuable foundation for future modelling efforts and highlights important gaps in our understanding of RSV epidemics. Specifically, we have searched the literature using Web of Science, Scopus, Embase, and PubMed to identify all published manuscripts reporting the development of DTMs focused on the population transmission of RSV. We reviewed the resulting studies and summarized the structure, parameterization, and results of the models developed therein. We anticipate that future RSV DTMs, combined with cost-effectiveness evaluations, will play a significant role in shaping decision making in the development and implementation of intervention programs.",0.447757,-876,2103.12808,Use of mathematical modelling to assess respiratory syncytial virus epidemiology and interventions: A literature review,0.447758,-876,1708.02560,On the relative role of different age groups during epidemics associated with the respiratory syncytial virus,0.332691,447,2103.12808,Use of mathematical modelling to assess respiratory syncytial virus epidemiology and interventions: A literature review,0.447757,-876,True,partial relavance,scope_mismatch,"Both are on RSV surveillance/epidemiology. The grant emphasizes surveillance among Native American and Alaska Native populations, while the paper is a broader literature review using mathematical models and interventions."
BIOMED_13,biomed,316721,Advancing Novel Research Models to Study Idiopathic Pulmonary Fibrosis (U01 Clinical Trial Not Allowed),"To establish a set of complementary model systems that reproduce essential disease-defining features of human idiopathic pulmonary fibrosis (IPF). This collection of models will advance our understanding of the pathogenesis of IPF from its onset through disease progression and serve as a resource for the broader research community, including investigators developing and testing novel therapies to treat this fatal disease.",2203.11391,Survival Analysis for Idiopathic Pulmonary Fibrosis using CT Images and Incomplete Clinical Data,"Idiopathic Pulmonary Fibrosis (IPF) is an inexorably progressive fibrotic lung disease with a variable and unpredictable rate of progression. CT scans of the lungs inform clinical assessment of IPF patients and contain pertinent information related to disease progression. In this work, we propose a multi-modal method that uses neural networks and memory banks to predict the survival of IPF patients using clinical and imaging data. The majority of clinical IPF patient records have missing data (e.g. missing lung function tests). To this end, we propose a probabilistic model that captures the dependencies between the observed clinical variables and imputes missing ones. This principled approach to missing data imputation can be naturally combined with a deep survival analysis model. We show that the proposed framework yields significantly better survival analysis results than baselines in terms of concordance index and integrated Brier score. Our work also provides insights into novel image-based biomarkers that are linked to mortality.",0.436519,-1021,2203.11391,Survival Analysis for Idiopathic Pulmonary Fibrosis using CT Images and Incomplete Clinical Data,0.436523,-1021,1803.02749,Quantum-inspired Minimum Distance Classification in Biomedical Context,0.295817,454,2203.11391,Survival Analysis for Idiopathic Pulmonary Fibrosis using CT Images and Incomplete Clinical Data,0.436519,-1021,True,partial relavance,scope_mismatch,"Disease match is good: both focus on idiopathic pulmonary fibrosis. Still, the FOA is about developing novel research models, whereas the paper is a survival-prediction study from CT and clinical data."
BIOMED_14,biomed,332448,Mechanisms of HIV Resistance to Broadly Neutralizing Antibodies (bNAbs) (U01 Clinical Trial Not Allowed),To encourage multidisciplinary teams to characterize mechanisms that impact resistance to HIV broadly neutralizing antibodies (bNAbs) and develop strategies to prevent and overcome HIV resistance to bNAbs.,2008.02547,Predicting in vivo escape dynamics of HIV-1 from a broadly neutralizing antibody,"Broadly neutralizing antibodies are promising candidates for treatment and prevention of HIV-1 infections. Such antibodies can temporarily suppress viral load in infected individuals; however, the virus often rebounds by escape mutants that have evolved resistance. In this paper, we map an in vivo fitness landscape of HIV-1 interacting with broadly neutralizing antibodies, using data from a recent clinical trial. We identify two fitness factors, antibody dosage and viral load, that determine viral reproduction rates reproducibly across different hosts. The model successfully predicts the escape dynamics of HIV-1 in the course of an antibody treatment, including a characteristic frequency turnover between sensitive and resistant strains. This turnover is governed by a dosage-dependent fitness ranking, resulting from an evolutionary tradeoff between antibody resistance and its collateral cost in drug-free growth. Our analysis suggests resistance-cost tradeoff curves as a measure of antibody performance in the presence of resistance evolution.",0.432626,236,2008.02547,Predicting in vivo escape dynamics of HIV-1 from a broadly neutralizing antibody,0.432641,236,2008.02547,Predicting in vivo escape dynamics of HIV-1 from a broadly neutralizing antibody,0.432626,236,2008.02547,Predicting in vivo escape dynamics of HIV-1 from a broadly neutralizing antibody,0.432626,236,True,Strong Relavance,temporal_mismatch,"This is almost on the nose scientifically: HIV resistance/escape against broadly neutralizing antibodies. The only awkward part is timing, since the paper appears earlier than the grant."
BIOMED_15,biomed,306843,Long Term Monitoring of Selected Coral Reef Sites in Dry Tortugas,"The primary project goal is to evaluate long term status and trends of common and rare coral reef types and benthic communities in Dry Tortugas National Park. The objectives are to collect benthic data which provides a quantitative assessment of stony coral species richness density, abundance, and spatial cover, benthic cover values for major taxonomic groups (e.g., stony corals, macroalgae, octocorals, sponges, and zoanthids) and an evaluation of stony coral and octocoral condition including the prevalence of disease and bleaching and causes of mortality. Targeted surveys also focus on the abundance of Diadema antillarum within the park. In addition, in situ water temperature data is collected at many sites to determine its influence on benthic community structure. Lastly, surveys to assess the effects of diving activities on coral communities within the Research Natural Area dive sites are performed.",2412.08228,Hierarchical Classification for Automated Image Annotation of Coral Reef Benthic Structures,"Automated benthic image annotation is crucial to efficiently monitor and protect coral reefs against climate change. Current machine learning approaches fail to capture the hierarchical nature of benthic organisms covering reef substrata, i.e., coral taxonomic levels and health condition. To address this limitation, we propose to annotate benthic images using hierarchical classification. Experiments on a custom dataset from a Northeast Brazilian coral reef show that our approach outperforms flat classifiers, improving both F1 and hierarchical F1 scores by approximately 2\% across varying amounts of training data. In addition, this hierarchical method aligns more closely with ecological objectives.",0.432302,-2350,2412.08228,Hierarchical Classification for Automated Image Annotation of Coral Reef Benthic Structures,0.432309,-2350,1606.08363,Among-site variability in the stochastic dynamics of East African coral reefs,0.368565,739,2412.08228,Hierarchical Classification for Automated Image Annotation of Coral Reef Benthic Structures,0.432302,-2350,False,partial relavance,scope_mismatch,"Again coral reefs line up, but the grant is long-term monitoring of selected sites and the paper is an automated annotation method. Useful connection, though not a tight objective match; also redundant with another reef-image pair."
BIOMED_16,biomed,323257,Methods and Measurement in Research with Sexual and Gender Minority (SGM) Populations (R21- Clinical Trials Not Allowed),The purpose of this initiative is to support projects to advance the measurement of constructs relevant to health research with sexual and gender minority (SGM) populations.,2405.02322,Towards Causal Interpretation of Sexual Orientation in Regression Analysis: Applications and Challenges,"This study presents an approach to analyze health disparities in Sexual and Gender Minority (SGM) populations, with a focus on the role of social support levels as an example to allow causal interpretations of regression models. We advocate for precisely defining the exposure variable and incorporating mediators into analyses, to address the limitations of comparing counterfactual outcomes solely between SGM and heterosexual populations. We define sexual orientation into domains (attraction, behavior, and identity), and emphasize a consideration of these elements either separately or together, depending on the research question. We also introduce social support measured before and after the disclosure of sexual orientation to facilitate inference. We illustrate this approach by examining the association between SGM status and depression diagnosis with data from the 2020 and 2021 National Health Interview Survey. We find a direct effect of SGM status on depression (OR: 3.07, 95% CI: 2.64 - 3.58) and no indirect effect through social support (OR: 1.07, 95% CI: 0.87-1.31). Our research emphasizes the necessity of the comprehensive measurement of sexual orientation and a focus on intervenable variables like social support in order to empower SGM communities and address SGM related health inequalities.",0.430027,-1582,2405.02322,Towards Causal Interpretation of Sexual Orientation in Regression Analysis: Applications and Challenges,0.430021,-1582,1703.09078,Existence of recombination-selection equilibria for sexual populations,0.117009,1004,2405.02322,Towards Causal Interpretation of Sexual Orientation in Regression Analysis: Applications and Challenges,0.430027,-1582,True,partial relavance,scope_mismatch,"Both concern sexual and gender minority research methods. The grant is broad on measurement in SGM populations, and the paper zooms into causal interpretation of sexual orientation in regression, so this is a method-within-theme match."
BIOMED_17,biomed,258689,Innovative Assays to Quantify the Latent HIV Reservoir (R01),"The purpose of this Funding Opportunity Announcement (FOA) is to support research on new or improved methods for quantifying latently infected cells in HIV-positive individuals on effective antiretroviral therapy. Quantifying latent HIV reservoirs is critical to evaluating strategies to cure HIV infection in vivo. The current gold-standard method involves a limiting dilution viral outgrowth assay that is slow, resource-intensive, and relatively imprecise. A molecular assay to accurately detect replication-competent provirus, or a viral outgrowth assay with improved efficiency, would facilitate proof-of-concept studies for curing HIV infection.",2302.00516,Quantifying the HIV reservoir with dilution assays and deep viral sequencing,"People living with HIV on antiretroviral therapy often have undetectable virus levels by standard assays, but ""latent"" HIV still persists in viral reservoirs. Eliminating these reservoirs is the goal of HIV cure research. The quantitative viral outgrowth assay (QVOA) is commonly used to estimate the reservoir size, i.e., the infectious units per million (IUPM) of HIV-persistent resting CD4+ T cells. A new variation of the QVOA, the Ultra Deep Sequencing Assay of the outgrowth virus (UDSA), was recently developed that further quantifies the number of viral lineages within a subset of infected wells. Performing the UDSA on a subset of wells provides additional information that can improve IUPM estimation. This paper considers statistical inference about the IUPM from combined dilution assay (QVOA) and deep viral sequencing (UDSA) data, even when some deep sequencing data are missing. Methods are proposed to accommodate assays with wells sequenced at multiple dilution levels and with imperfect sensitivity and specificity, and a novel bias-corrected estimator is included for small samples. The proposed methods are evaluated in a simulation study, applied to data from the University of North Carolina HIV Cure Center, and implemented in the open-source R package SLDeepAssay.",0.425558,-3141,2302.00516,Quantifying the HIV reservoir with dilution assays and deep viral sequencing,0.425626,-3141,1312.3670,The Effects of Latent Infection on the Dynamics of HIV,0.242377,197,2302.00516,Quantifying the HIV reservoir with dilution assays and deep viral sequencing,0.425558,-3141,True,Strong Relavance,none,"Excellent topic fit: the FOA asks for innovative assays for the latent HIV reservoir, and the paper is directly about quantifying that reservoir with dilution assays and deep sequencing. Old, but scientifically aligned."
BIOMED_18,biomed,237021,Innovative Assays to Quantify the Latent HIV Reservoir (R21),"The purpose of this Funding Opportunity Announcement (FOA) is to support research on new or improved methods for quantifying latently infected cells in HIV-positive individuals on effective antiretroviral therapy. Quantifying latent HIV reservoirs is critical to evaluating strategies to cure HIV infection in vivo. The current gold-standard method involves a limiting dilution viral outgrowth assay that is slow, resource-intensive, and relatively imprecise. A molecular assay to accurately detect replication-competent provirus, or a viral outgrowth assay with improved efficiency, would facilitate proof-of-concept studies for curing HIV infection.",2302.00516,Quantifying the HIV reservoir with dilution assays and deep viral sequencing,"People living with HIV on antiretroviral therapy often have undetectable virus levels by standard assays, but ""latent"" HIV still persists in viral reservoirs. Eliminating these reservoirs is the goal of HIV cure research. The quantitative viral outgrowth assay (QVOA) is commonly used to estimate the reservoir size, i.e., the infectious units per million (IUPM) of HIV-persistent resting CD4+ T cells. A new variation of the QVOA, the Ultra Deep Sequencing Assay of the outgrowth virus (UDSA), was recently developed that further quantifies the number of viral lineages within a subset of infected wells. Performing the UDSA on a subset of wells provides additional information that can improve IUPM estimation. This paper considers statistical inference about the IUPM from combined dilution assay (QVOA) and deep viral sequencing (UDSA) data, even when some deep sequencing data are missing. Methods are proposed to accommodate assays with wells sequenced at multiple dilution levels and with imperfect sensitivity and specificity, and a novel bias-corrected estimator is included for small samples. The proposed methods are evaluated in a simulation study, applied to data from the University of North Carolina HIV Cure Center, and implemented in the open-source R package SLDeepAssay.",0.424953,-3502,2302.00516,Quantifying the HIV reservoir with dilution assays and deep viral sequencing,0.425023,-3502,1010.1435,Estimation of constant and time-varying dynamic parameters of HIV infection in a nonlinear differential equation model,0.163492,998,2302.00516,Quantifying the HIV reservoir with dilution assays and deep viral sequencing,0.424953,-3502,False,Strong Relavance,duplicate_candidate,"Same story as the paired R01 item: very strong assay/reservoir alignment, but this row is effectively a near-duplicate via a parallel R21 opportunity and the same paper."
BIOMED_19,biomed,286518,IAEA Project Surge Expansion of Sterile Insect Technique (SIT) to Control Mosquito Populations,IAEA Project Surge Expansion of Sterile Insect Technique (SIT) to Control Mosquito Populations that Transmit the Zika Virus,1805.1015,On the use of the sterile insect technique or the incompatible insect technique to reduce or eliminate mosquito populations,"Vector control is critical to limit the circulation of vector-borne diseases like chikungunya, dengue or zika which have become important issues around the world. Among them the Sterile Insect Technique (SIT) and the Incompatible Insect Technique (IIT) recently aroused a renewed interest. In this paper we derive and study a minimalistic mathematical model designed for Aedes mosquito population elimination by SIT/IIT. Contrary to most of the previous models, it is bistable in general, allowing simultaneously for elimination of the population and for its survival. We consider dierent types of releases (constant, periodic or impulsive) and show necessary conditions to reach elimination in each case. We also estimate both sucient and minimal treatment times. Biological parameters are estimated from a case study of an Aedes polynesiensis population, for which extensive numerical investigations illustrate the analytical results. The applications of this work are twofold: to help identifying some key parameters that may need further eld investigations, and to help designing release protocols.",0.424373,-669,1805.10150,On the use of the sterile insect technique or the incompatible insect technique to reduce or eliminate mosquito populations,0.424371,-669,1604.04008,Prevention and control of Zika fever as a mosquito-borne and sexually transmitted disease,0.155979,102,1805.10150,On the use of the sterile insect technique or the incompatible insect technique to reduce or eliminate mosquito populations,0.424373,-669,True,Strong Relavance,none,"Very close match. Both are about sterile insect technique for suppressing mosquito populations, with the paper discussing SIT/IIT use cases and the grant pushing program expansion."
BIOMED_20,biomed,328538,Systematic Characterization of Genomic Variation on Genomic Function and Phenotype (UM1 Clinical Trial Not Allowed),"FOA seeks applications to experimentally correlate variants with effects on genomic function. This will be accomplished by performing systematic perturbation; collecting data on the effects of non-coding and protein-coding genomic variation on molecular, cellular, and organismal phenotypes; generating a catalog of these variant effects; and assisting in a group predictive modeling effort using the data. Centers funded through this initiative will become part of the Impact of Genomic Variation on Function Consortium. As members of this Consortium, mapping centers will be expected to work closely with one another and other Consortium components to accelerate understanding of how genomic variation impacts human health and disease through the coordination of data collection strategies and analyses.",2307.13708,The Impact of Genomic Variation on Function (IGVF) Consortium,"Our genomes influence nearly every aspect of human biology from molecular and cellular functions to phenotypes in health and disease. Human genetics studies have now associated hundreds of thousands of differences in our DNA sequence (""genomic variation"") with disease risk and other phenotypes, many of which could reveal novel mechanisms of human biology and uncover the basis of genetic predispositions to diseases, thereby guiding the development of new diagnostics and therapeutics. Yet, understanding how genomic variation alters genome function to influence phenotype has proven challenging. To unlock these insights, we need a systematic and comprehensive catalog of genome function and the molecular and cellular effects of genomic variants. Toward this goal, the Impact of Genomic Variation on Function (IGVF) Consortium will combine approaches in single-cell mapping, genomic perturbations, and predictive modeling to investigate the relationships among genomic variation, genome function, and phenotypes. Through systematic comparisons and benchmarking of experimental and computational methods, we aim to create maps across hundreds of cell types and states describing how coding variants alter protein activity, how noncoding variants change the regulation of gene expression, and how both coding and noncoding variants may connect through gene regulatory and protein interaction networks. These experimental data, computational predictions, and accompanying standards and pipelines will be integrated into an open resource that will catalyze community efforts to explore genome function and the impact of genetic variation on human biology and disease across populations.",0.423269,-1085,2307.13708,The Impact of Genomic Variation on Function (IGVF) Consortium,0.42326,-1085,1910.04067,A Note on Optimal Sampling Strategy for Structural Variant Detection Using Optical Mapping,0.164416,304,2307.13708,The Impact of Genomic Variation on Function (IGVF) Consortium,0.423269,-1085,True,Strong Relavance,none,"Strong genomics alignment here. The grant seeks systematic characterization of genomic variation and its functional/phenotypic impact, and the IGVF consortium paper is essentially that agenda in consortium form."
CS_01,cs,287284,Explainable Artificial Intelligence (XAI),"DARPA is soliciting innovative research proposals in the areas of machine learning and human-computer interaction. The goal of Explainable Artificial Intelligence (XAI) is to create a suite of new or modified machine learning techniques that produce explainable models that, when combined with effective explanation techniques, enable end users to understand, appropriately trust, and effectively manage the emerging generation of Artificial Intelligence (AI) systems. Proposed research should investigate innovative approaches that enable revolutionary advances in science, or systems. Specifically excluded is research that primarily results in evolutionary improvements to the existing state of practice.",1807.04178,Explainable Security,"The Defense Advanced Research Projects Agency (DARPA) recently launched the Explainable Artificial Intelligence (XAI) program that aims to create a suite of new AI techniques that enable end users to understand, appropriately trust, and effectively manage the emerging generation of AI systems. In this paper, inspired by DARPA's XAI program, we propose a new paradigm in security research: Explainable Security (XSec). We discuss the ``Six Ws'' of XSec (Who? What? Where? When? Why? and How?) and argue that XSec has unique and complex characteristics: XSec involves several different stakeholders (i.e., the system's developers, analysts, users and attackers) and is multi-faceted by nature (as it requires reasoning about system model, threat model and properties of security, privacy and trust as well as about concrete attacks, vulnerabilities and countermeasures). We define a roadmap for XSec that identifies several possible research directions.",0.470608,-700,1807.04178,Explainable Security,0.470606,-700,1409.1170,Hybrid Systems Knowledge Representation Using Modelling Environment System Techniques Artificial Intelligence,0.185615,707,1807.04178,Explainable Security,0.470608,-700,True,partial relavance,scope_mismatch,"Explainability is the bridge, but the paper specializes it to security rather than general XAI. Good conceptual overlap, just not the full program scope."
CS_02,cs,46271,Gravitational Physics,"Emphasizes the theory of strong gravitational fields and their application to astrophysics and cosmology, computer simulations of strong and gravitational fields, and gravitational radiation; and construction of a quantum theory of gravity. The program oversees the management of the construction, commissioning, and operation of the Laser Interferometer Gravity Wave Observatory (LIGO), and provides support for LIGO users and other experimental investigations in gravitational physics and related areas.",1904.05211,Applicability study of the PRIMAD model to LIGO gravitational wave search workflows,"The PRIMAD model with its six components (i.e., Platform, Research Objective, Implementation, Methods, Actors, and Data), provides an abstract taxonomy to represent computational experiments and enforce reproducibility by design. In this paper, we assess the model applicability to a set of Laser Interferometer Gravitational-Wave Observatory (LIGO) workflows from literature sources (i.e., published papers). Our work outlines potentials and limits of the model in terms of its abstraction levels and application process.",0.447143,-3669,1904.05211,Applicability study of the PRIMAD model to LIGO gravitational wave search workflows,0.447158,-3669,0901.3762,Enhancing the capabilities of LIGO time-frequency plane searches through clustering,0.252512,60,1904.05211,Applicability study of the PRIMAD model to LIGO gravitational wave search workflows,0.447143,-3669,True,Strong Relavance,none,"LIGO workflows sit comfortably inside gravitational physics, so the pair is substantially aligned. The paper is about workflow reproducibility/applicability rather than new gravity theory, which keeps it from being perfect."
CS_03,cs,93899,Gravitational Physics,"Emphasizes the theory of strong gravitational fields and their application to astrophysics and cosmology, computer simulations of strong and gravitational fields, and gravitational radiation; and construction of a quantum theory of gravity. The program oversees the management of the construction, commissioning, and operation of the Laser Interferometer Gravity Wave Observatory (LIGO), and provides support for LIGO users and other experimental investigations in gravitational physics and related areas.",1904.05211,Applicability study of the PRIMAD model to LIGO gravitational wave search workflows,"The PRIMAD model with its six components (i.e., Platform, Research Objective, Implementation, Methods, Actors, and Data), provides an abstract taxonomy to represent computational experiments and enforce reproducibility by design. In this paper, we assess the model applicability to a set of Laser Interferometer Gravitational-Wave Observatory (LIGO) workflows from literature sources (i.e., published papers). Our work outlines potentials and limits of the model in terms of its abstraction levels and application process.",0.447143,-2889,1904.05211,Applicability study of the PRIMAD model to LIGO gravitational wave search workflows,0.447158,-2889,0901.3762,Enhancing the capabilities of LIGO time-frequency plane searches through clustering,0.252512,840,1904.05211,Applicability study of the PRIMAD model to LIGO gravitational wave search workflows,0.447143,-2889,False,Strong Relavance,duplicate_candidate,"Same LIGO–gravitational-physics logic as the neighboring row. Reasonable match, but it looks redundant as another hit of the same paper under the same broad grant theme."
CS_04,cs,334291,Cooperative Agreement for CESU-affiliated Partner with Great Lakes Cooperative Ecosystem Studies Unit,"The USGS is offering a funding opportunity to a CESU partner for research in stream and reservoir water quality modeling, with a focus on temperature. Water temperature is a “master variable” for many important aquatic outcomes, including the suitability of habitat, evaporation rates, greenhouse gas exchange, and efficiency of thermoelectric energy production. Stream temperature is one of the most widely measured water characteristics by the USGS, though monitoring gaps in time and space requires modeling efforts to understand broad-scale temperature dynamics and supply decision-ready data to our stakeholders. Currently, stream and lake temperature are modeled separately, despite our knowledge that water flowing into a reservoir affects its temperature, and that reservoirs greatly impact the temperature of downstream river reaches. Further, in some places, water managers can affect downstream temperatures via reservoir releases, and understanding when to release, how much to release, and the expected water temperature changes from the release can support better decision making. The USGS and collaborators are developing process-guided machine learning models for streams and lakes that leverage the benefits of both process and machine learning models; the models are grounded in physical realism and perform well in data sparse and data rich conditions (e.g., Read et al., 2019). But key processes related to stream temperature remain unexplored or not accurately predicted or represented in the process-guided deep learning framework. These include but are not limited to: the impact of reservoir releases on downstream temperature, sub-daily prediction to accurately predict extremes, inclusion of different data types that may have lower accuracy (e.g., satellite estimated surface temperature), translation to finer resolution stream segments, prediction beneath reservoirs with varying amounts of data, and representation of certain processes that might be critical to evaluate long term change like groundwater contribution to stream temperature dynamics.",2202.05714,Modeling Reservoir Release Using Pseudo-Prospective Learning and Physical Simulations to Predict Water Temperature,"This paper proposes a new data-driven method for predicting water temperature in stream networks with reservoirs. The water flows released from reservoirs greatly affect the water temperature of downstream river segments. However, the information of released water flow is often not available for many reservoirs, which makes it difficult for data-driven models to capture the impact to downstream river segments. In this paper, we first build a state-aware graph model to represent the interactions amongst streams and reservoirs, and then propose a parallel learning structure to extract the reservoir release information and use it to improve the prediction. In particular, for reservoirs with no available release information, we mimic the water managers' release decision process through a pseudo-prospective learning method, which infers the release information from anticipated water temperature dynamics. For reservoirs with the release information, we leverage a physics-based model to simulate the water release temperature and transfer such information to guide the learning process for other reservoirs. The evaluation for the Delaware River Basin shows that the proposed method brings over 10\% accuracy improvement over existing data-driven models for stream temperature prediction when the release data is not available for any reservoirs. The performance is further improved after we incorporate the release data and physical simulations for a subset of reservoirs.",0.434844,-233,2202.05714,Modeling Reservoir Release Using Pseudo-Prospective Learning and Physical Simulations to Predict Water Temperature,0.434841,-233,1810.02880,Physics Guided Recurrent Neural Networks For Modeling Dynamical Systems: Application to Monitoring Water Temperature And Quality In Lakes,0.22873,992,2202.05714,Modeling Reservoir Release Using Pseudo-Prospective Learning and Physical Simulations to Predict Water Temperature,0.434844,-233,True,partial relavance,none,"The CESU grant is broad, but the paper on reservoir release and water temperature is exactly the kind of applied ecosystem/hydrologic modeling that such a cooperative agreement could support."
CS_05,cs,236600,Drug Docking and Screening Data Resource (U01),"The purpose of this Funding Opportunity Announcement (FOA) is to continue to increase the amount of publicly available, high-quality data describing structures and affinities of protein-drug ligand complexes -data vital for development, validation, and benchmarking of drug docking and screening software. Accurate and robust methods for in silico drug screening are expected to speed drug discovery and reduce drug development cost by focusing experimental efforts on the most promising candidate compounds. The ability to predict side effects resulting from off-target binding and to increase repurposing of existing pharmaceuticals is an additional expected benefit.",2111.09502,Docking-based Virtual Screening with Multi-Task Learning,"Machine learning shows great potential in virtual screening for drug discovery. Current efforts on accelerating docking-based virtual screening do not consider using existing data of other previously developed targets. To make use of the knowledge of the other targets and take advantage of the existing data, in this work, we apply multi-task learning to the problem of docking-based virtual screening. With two large docking datasets, the results of extensive experiments show that multi-task learning can achieve better performances on docking score prediction. By learning knowledge across multiple targets, the model trained by multi-task learning shows a better ability to adapt to a new target. Additional empirical study shows that other problems in drug discovery, such as the experimental drug-target affinity prediction, may also benefit from multi-task learning. Our results demonstrate that multi-task learning is a promising machine learning approach for docking-based virtual screening and accelerating the process of drug discovery.",0.416643,-3074,2111.09502,Docking-based Virtual Screening with Multi-Task Learning,0.416633,-3074,1210.0330,Structure and dynamics of molecular networks: A novel paradigm of drug discovery. A comprehensive review,0.219115,261,2111.09502,Docking-based Virtual Screening with Multi-Task Learning,0.416643,-3074,True,Strong Relavance,none,"Very solid fit around docking and screening. The FOA is about a drug docking/screening data resource, and the paper is a docking-based virtual screening method using multi-task learning."
CS_06,cs,328715,"Cooperative Ecosystem Studies Unit, Great Lakes Northern Forests CESU","The USGS is offering a funding opportunity to a CESU partner for research in stream and reservoir temperature modeling. Water temperature is a ¿master variable¿ for many important aquatic outcomes, including the suitability of habitat, evaporation rates, greenhouse gas exchange, and efficiency of thermoelectric energy production. Stream temperature is one of the most widely measured water characteristics by the USGS, though monitoring gaps in time and space requires modeling efforts to understand broad-scale temperature dynamics and supply decision-ready data to our stakeholders. Currently, stream and lake temperature are modeled separately, despite our knowledge that water flowing into a reservoir affects its temperature, and that reservoirs greatly impact the temperature of downstream river reaches. Further, in some places, water managers can affect downstream temperatures via reservoir releases, and understanding when to release, how much to release, and the expected water temperature changes from the release can support better decision making. The USGS and collaborators are developing process-guided machine learning models for streams and lakes that leverage the benefits of both process and machine learning models; the models are grounded in physical realism and perform well in data sparse and data rich conditions (e.g., Read et al., 2019). However, we have yet to model a stream network that reflects both lake and stream temperature dynamics.",2202.05714,Modeling Reservoir Release Using Pseudo-Prospective Learning and Physical Simulations to Predict Water Temperature,"This paper proposes a new data-driven method for predicting water temperature in stream networks with reservoirs. The water flows released from reservoirs greatly affect the water temperature of downstream river segments. However, the information of released water flow is often not available for many reservoirs, which makes it difficult for data-driven models to capture the impact to downstream river segments. In this paper, we first build a state-aware graph model to represent the interactions amongst streams and reservoirs, and then propose a parallel learning structure to extract the reservoir release information and use it to improve the prediction. In particular, for reservoirs with no available release information, we mimic the water managers' release decision process through a pseudo-prospective learning method, which infers the release information from anticipated water temperature dynamics. For reservoirs with the release information, we leverage a physics-based model to simulate the water release temperature and transfer such information to guide the learning process for other reservoirs. The evaluation for the Delaware River Basin shows that the proposed method brings over 10\% accuracy improvement over existing data-driven models for stream temperature prediction when the release data is not available for any reservoirs. The performance is further improved after we incorporate the release data and physical simulations for a subset of reservoirs.",0.414531,-543,2202.05714,Modeling Reservoir Release Using Pseudo-Prospective Learning and Physical Simulations to Predict Water Temperature,0.414527,-543,1810.02880,Physics Guided Recurrent Neural Networks For Modeling Dynamical Systems: Application to Monitoring Water Temperature And Quality In Lakes,0.247476,682,2202.05714,Modeling Reservoir Release Using Pseudo-Prospective Learning and Physical Simulations to Predict Water Temperature,0.414531,-543,True,partial relavance,none,"Broad CESU forestry/ecosystem wording, but the paper's reservoir temperature model still falls in the applied environmental prediction bucket. Not exact, yet defensible."
CS_07,cs,227155,Cyber Security (CS) Collaborative Research Alliance (CRA) Program Announcement (PA),"The U.S. Army Contracting Command – Aberdeen Proving Ground RTP Division, on behalf of the U.S. Army Research Laboratory (ARL), is issuing a Program Announcement (PA), W911NF-13-R-0004, for the establishment of a Collaborative Research Alliance (CRA) for Cyber Security (CS).Cyber security is critical to the Army due to the growing number and sophistication of attacks on military cyber networks coupled with the ever increasing reliance on cyber systems to conduct the Army’s mission. The Army Research Laboratory (ARL) has established an Enterprise approach to Cyber Security that couples multi-disciplinary internal research, analysis, and operations with extramural research and collaborative ventures. ARL intends to establish a new collaborative venture – The Cyber Security Collaborative Research Alliance (CRA) – that seeks to advance the theoretical foundations of cyber science in the context of Army networks. This Collaborative Research Alliance will consist of academia, industry and government researchers working jointly to solve complex problems. The overall objective of the Cyber Security CRA is to develop a fundamental understanding of cyber phenomena, including aspects of human attackers, cyber defenders, and end users, so that fundamental laws, theories, and theoretically grounded and empirically validated models can be applied to a broad range of Army domains, applications, and environments. The ARL strongly believes that a joint collaborative approach by a multidisciplinary researcher team is required to make fundamental advances towards meeting the CRA goal to develop a fundamental understanding of cyber phenomena. ARL has identified three interrelated aspects or Research Areas of cyber security that when jointly studied will advance the theoretical foundations of cyber science in the context of Army networks. In addition to these three Research Areas (RAs), advancing the theoretical foundations requires a trans-disciplinary approach that takes into account the human element of the network. This Cross-Cutting Research Issue (CCRI) addressing Psychosocial Effects must be jointly studied in the context and the constraints of the three Research Areas. The Research Areas and CCRI for this CRA are as follows: (1) Risk; (2) Detection; (3) Agility; (4) Psychosocial Effects.The CS CRA PA can be found at www.arl.army.mil/cracyber.This PA is expected to result in the award of a cooperative agreement (CA) as defined at 31 U.S.C. 6305 for the execution of the program. The CA will be awarded to a Consortium of organizations that may include academic, industrial and non-profit organizations. To assure the creation of a well-focused research program, the number of partners should balance the need for expertise in all three Research Areas and the crosscutting research initiative with the need to maintain a focused, cohesive, well-integrated research program. The Consortium must be led by an academic institution charged with spearheading the focused basic research program. Additionally, it is a goal that “covered educational institutions” (to include Historically Black Colleges and Universities and Minority-Serving Institutions) will receive 5% of the annual CA funding.The Consortium under this PA, will be selected via a two stage process involving Whitepapers and full proposals. Full details regarding the application process are found in section D of the CS CRA PA. Planned funding levels for the CA are set forth in the CS CRA PA. Contingent upon available funding, the Army expects to support the CS CRA for five years with an option for an additional five years.Whitepapers for the Cyber Security (CS) Collaborative Research Alliance (CRA) are due 26 April 2013. Full proposals from invited Offerors are due 19 July 2013, with an award expected in September 2013.Contracting Office Address:ACC-APG RTP, ATTN: AMSSB-ACR, Research Triangle Park Division, P.O. 1221, Research Triangle Park, NC 27709-2211Additional InformationArmy Research Laboratory (ARL) Broad Agency Announcements (BAA)Cyber Security Research AlliancePoints of Contact(s):William A. Creech, 919-549-4212",1702.04652,Overview of Cyber Science and Technology Programs at the U.S. Army Research Laboratory,"This paper provides an overview of research programs in cyber security performed by the U.S Army Research Laboratory. Although ARL is the U.S. Army's corporate laboratory that focuses on fundamental and early applied research, the fundamental science endeavors are closely integrated with extensive operationally-oriented programs. One example is the Cyber Collaborative Research Alliance (CRA) that brings together ARL scientists with academic researchers from dozens of U.S. universities. ARL cyber scientists are largely driven by challenges unique to the ground operations of the Army; this paper outlines a few of these challenges and the ways in which they are addressed by ARL research efforts. The long-term campaign of cyber research is guided by the vision of the future Army battlefield. In the year 2040, it will be a highly converged virtual-physical space, where cyber operations will be an integral part of the battle.",0.398451,-1391,1702.04652,Overview of Cyber Science and Technology Programs at the U.S. Army Research Laboratory,0.398449,-1391,1011.5661,Decision Support Systems - Technical Prerequisites and Military Requirements,0.125034,840,1702.04652,Overview of Cyber Science and Technology Programs at the U.S. Army Research Laboratory,0.398451,-1391,True,partial relavance,scope_mismatch,"Cyber is clearly shared. The grant is a collaborative research alliance solicitation, while the paper is an overview of ARL cyber programs, so it matches the program area more than a specific research objective."
CS_08,cs,46298,Topology,"Supports research on algebraic topology, including homotopy theory, ordinary and extraordinary homology and cohomology, cobordism theory, and K-theory; topological manifolds and cell complexes, fiberings, knots, and links; differential topology and actions of groups of transformations; geometric group theory; and general topology and continua theory.",1706.0154,Synthetic Homology in Homotopy Type Theory,"This paper defines homology in homotopy type theory, in the process stable homotopy groups are also defined. Previous research in synthetic homotopy theory is relied on, in particular the definition of cohomology. This work lays the foundation for a computer checked construction of homology.",0.395608,-2995,1706.01540,Synthetic Homology in Homotopy Type Theory,0.395591,-2995,0804.4324,Hochschild Homology and Cohomology of Klein Surfaces,0.193927,330,1706.01540,Synthetic Homology in Homotopy Type Theory,0.395608,-2995,True,Strong Relavance,none,"This one is mathematically coherent: topology on one side, synthetic homology in homotopy type theory on the other. Specialized, but definitely in-family."
CS_09,cs,274934,Research and Development,"The Research and Development program supports projects that address major challenges in preserving or providing access to humanities collections and resources. These challenges include the need to find better ways to preserve materials of critical importance to the nation’s cultural heritage—from fragile artifacts and manuscripts to analog recordings and digital assets subject to technological obsolescence—and to develop advanced modes of organizing, searching, discovering, and using such materials. This program recognizes that finding solutions to complex problems often requires forming interdisciplinary project teams, bringing together participants with expertise in the humanities; in preservation; and in information, computer, and natural science. All projects must demonstrate how advances in preservation and access would benefit the cultural heritage community in supporting humanities research, teaching, or public programming.",2208.13512,Labeling of Cultural Heritage Collections on the Intersection of Visual Analytics and Digital Humanities,"Engaging in interdisciplinary projects on the intersection between visualization and humanities research can be a challenging endeavor. Challenges can be finding valuable outcomes for both domains, or how to apply state-of-the-art visual analytics methods like supervised machine learning algorithms. We discuss these challenges when working with cultural heritage data. Further, there is a gap in applying these methods to intangible heritage. To give a reflection on some interdisciplinary projects, we present three case studies focusing on the labeling of cultural heritage collections, the problems and challenges with the data, the participatory design process, and takeaways for the visualization scholars from these collaborations.",0.394188,-2735,2208.13512,Labeling of Cultural Heritage Collections on the Intersection of Visual Analytics and Digital Humanities,0.394182,-2735,1406.0216,LODE: Linking Digital Humanities Content to the Web of Data,0.213046,276,2208.13512,Labeling of Cultural Heritage Collections on the Intersection of Visual Analytics and Digital Humanities,0.394188,-2735,True,Strong Relavance,none,The grant supports R&D for preserving and providing access to humanities collections; the paper is about labeling cultural heritage collections using visual analytics and digital humanities methods. That is a pretty natural fit.
CS_10,cs,283061,Research and Development,"The Research and Development program supports projects that address major challenges in preserving or providing access to humanities collections and resources. These challenges include the need to find better ways to preserve materials of critical importance to the nation’s cultural heritage—from fragile artifacts and manuscripts to analog recordings and digital assets subject to technological obsolescence—and to develop advanced modes of organizing, searching, discovering, and using such materials. This program recognizes that finding solutions to complex problems often requires forming interdisciplinary project teams, bringing together participants with expertise in the humanities; in preservation; and in information, computer, and natural science. All projects must demonstrate how advances in preservation and access would benefit the cultural heritage community in supporting humanities research, teaching, or public programming.",2208.13512,Labeling of Cultural Heritage Collections on the Intersection of Visual Analytics and Digital Humanities,"Engaging in interdisciplinary projects on the intersection between visualization and humanities research can be a challenging endeavor. Challenges can be finding valuable outcomes for both domains, or how to apply state-of-the-art visual analytics methods like supervised machine learning algorithms. We discuss these challenges when working with cultural heritage data. Further, there is a gap in applying these methods to intangible heritage. To give a reflection on some interdisciplinary projects, we present three case studies focusing on the labeling of cultural heritage collections, the problems and challenges with the data, the participatory design process, and takeaways for the visualization scholars from these collaborations.",0.394188,-2324,2208.13512,Labeling of Cultural Heritage Collections on the Intersection of Visual Analytics and Digital Humanities,0.394182,-2324,1601.00533,Crowds for Clouds: Recent Trends in Humanities Research Infrastructures,0.294507,113,2208.13512,Labeling of Cultural Heritage Collections on the Intersection of Visual Analytics and Digital Humanities,0.394188,-2324,False,Strong Relavance,duplicate_candidate,"Content alignment is still good for humanities collections and access, but this is another near-repeat of the same cultural heritage paper against the same program line."
CS_11,cs,292772,Research and Development,"The Research and Development program supports projects that address major challenges in preserving or providing access to humanities collections and resources. These challenges include the need to find better ways to preserve materials of critical importance to the nation’s cultural heritage—from fragile artifacts and manuscripts to analog recordings and digital assets subject to technological obsolescence—and to develop advanced modes of organizing, searching, discovering, and using such materials. This program recognizes that finding solutions to complex problems often requires forming interdisciplinary project teams, bringing together participants with expertise in the humanities; in preservation; and in information, computer, and natural science. All projects must demonstrate how advances in preservation and access would benefit the cultural heritage community in supporting humanities research, teaching, or public programming.",2208.13512,Labeling of Cultural Heritage Collections on the Intersection of Visual Analytics and Digital Humanities,"Engaging in interdisciplinary projects on the intersection between visualization and humanities research can be a challenging endeavor. Challenges can be finding valuable outcomes for both domains, or how to apply state-of-the-art visual analytics methods like supervised machine learning algorithms. We discuss these challenges when working with cultural heritage data. Further, there is a gap in applying these methods to intangible heritage. To give a reflection on some interdisciplinary projects, we present three case studies focusing on the labeling of cultural heritage collections, the problems and challenges with the data, the participatory design process, and takeaways for the visualization scholars from these collaborations.",0.394188,-1981,2208.13512,Labeling of Cultural Heritage Collections on the Intersection of Visual Analytics and Digital Humanities,0.394182,-1981,1601.00533,Crowds for Clouds: Recent Trends in Humanities Research Infrastructures,0.294507,456,2208.13512,Labeling of Cultural Heritage Collections on the Intersection of Visual Analytics and Digital Humanities,0.394188,-1981,False,Strong Relavance,duplicate_candidate,"Same rationale as the two earlier Research and Development rows: good substantive match, but redundant as an additional yearly call hitting the identical paper."
CS_12,cs,332386,EXPRESS: Randomized Algorithms for Extreme-Scale Science,The DOE SC program in Advanced Scientific Computing Research (ASCR) hereby announces its interest in research applications to explore potentially high-impact approaches in the development and use of randomized algorithms for scientific computing and extreme-scale science,2104.11079,Randomized Algorithms for Scientific Computing (RASC),"Randomized algorithms have propelled advances in artificial intelligence and represent a foundational research area in advancing AI for Science. Future advancements in DOE Office of Science priority areas such as climate science, astrophysics, fusion, advanced materials, combustion, and quantum computing all require randomized algorithms for surmounting challenges of complexity, robustness, and scalability. This report summarizes the outcomes of that workshop, ""Randomized Algorithms for Scientific Computing (RASC),"" held virtually across four days in December 2020 and January 2021.",0.392109,-24,2104.11079,Randomized Algorithms for Scientific Computing (RASC),0.3921,-24,2008.08042,Just another quantum assembly language (Jaqal),0.208561,220,2104.11079,Randomized Algorithms for Scientific Computing (RASC),0.392109,-24,True,Strong Relavance,none,"Almost textbook match. The FOA explicitly targets randomized algorithms for extreme-scale science, and the paper is literally about randomized algorithms for scientific computing."
CS_13,cs,292214,Internet of Battlefield Things (IoBT) Collaborative Research Alliance (CRA),"The ability of the Army to understand, predict, adapt, and exploit the vast array of internetworked things that will be present of the future battlefield is critical to maintaining and increasing its competitive advantage. The explosive growth of technologies in the commercial sector that exploits the convergence of cloud computing, ubiquitous mobile communications, networks of data-gathering sensors, and artificial intelligence presents an imposing challenge for the Army. These Internet of Things (IoT) technologies will give our enemies ever increasing capabilities that must be countered, but commercial developments do not address the unique challenges that the Army will face in using them. The U.S. Army Research Laboratory (ARL) has established an Enterprise approach to address the challenges resulting from the Internet of Battlefield Things (IoBT) that couples multi-disciplinary internal research with extramural research and collaborative ventures. ARL intends to establish a new collaborative venture (the IoBT CRA) that seeks to develop the foundations of IoBT in the context of future Army operations. The Collaborative Research Alliance (CRA) will consist of private sector and government researchers working jointly to solve complex problems. The overall objective is to develop the fundamental understanding of dynamically-composable, adaptive, goal-driven IoBTs to enable predictive analytics for intelligent command and control and battlefield services.The Future Army will operate in a highly complex and rapidly changing environment, thus the U.S. Army’s Operating Concept is to “Win in a Complex World”. The Army must tackle wicked problems wherein objectives and constraints evolve in unpredictable ways. Complexity arises from the increasing heterogeneity, connectivity, scale, dynamics, functionality and interdependence of networked elements, and from the increasing velocity and momentum of human interactions and information. Events now unfold in internet time, as noted by the Defense Science Board (DSB) 2014 Study on Decisive Army Strategic and Expeditionary Maneuver. In this context, future IoBTs will be significantly more complex that today’s networked systems, and novel mathematical approaches and techniques will be needed to represent them, reason about them, understand their behaviors, and to provide predictive analytics in diverse and dynamic environments.The Army will use IoTs for diverse and dynamic missions and will require rapid deployment and adaptation in environments with high mobility, resource constraints, and extreme heterogeneity in both very dense and sparse environments. In addition to Things and IoTs that the Army owns and controls, it may also need to make use of IoTs that it does not own or fully control. A foundational problem to be addressed by the CRA is the fundamental understanding of how to learn and devise complex models of IoBT goals, networks, information, and analytics to enable intelligent command and control, and battlefield services. A critical issue embedded throughout all aspects of IoBTs is cyber physical security as the Army will need to use things it does not control (military (blue), adversary (red), civilian (gray)), accommodate deceptive data, and counter advanced persistent threats. ARL strongly believes that a joint collaborative approach by multidisciplinary researchers is required to make fundamental advances towards meeting the CRA goal to develop a fundamental understanding of IoBTs. ARL has identified three interrelated Research Areas (RAs) that when jointly studied will advance the theoretical foundations of IoBTs in the context of future Army operations.• Discovery, Composition and Adaptation of Goal-Driven Heterogeneous IoBTs• Autonomic IoBTs to Enable Intelligent Services• Distributed Asynchronous Processing and Analytics of ThingsIn addition to these three RAs, Cyber-Physical Security has been identified as a Cross-Cutting Research Issue (CCRI) that is inherent in each of the RAs and that must be jointly studied with the RAs to make fundamental advances in IoBTs.The CRA is intended to create a collaborative environment that enables the Alliance to advance the state-of-the-art and to take advantage of the diverse scientific capabilities and viewpoints of both the private sector and government researchers. The CRA will work collaboratively with ARLs Enterprise research programs to identify areas where joint, multi-disciplinary, collaborative research is advantageous. Continuous collaboration, technical exchanges, site visits, and staff rotations will strengthen and improve the CRA research and its Army relevance.",1702.04652,Overview of Cyber Science and Technology Programs at the U.S. Army Research Laboratory,"This paper provides an overview of research programs in cyber security performed by the U.S Army Research Laboratory. Although ARL is the U.S. Army's corporate laboratory that focuses on fundamental and early applied research, the fundamental science endeavors are closely integrated with extensive operationally-oriented programs. One example is the Cyber Collaborative Research Alliance (CRA) that brings together ARL scientists with academic researchers from dozens of U.S. universities. ARL cyber scientists are largely driven by challenges unique to the ground operations of the Army; this paper outlines a few of these challenges and the ways in which they are addressed by ARL research efforts. The long-term campaign of cyber research is guided by the vision of the future Army battlefield. In the year 2040, it will be a highly converged virtual-physical space, where cyber operations will be an integral part of the battle.",0.39153,59,1702.04652,Overview of Cyber Science and Technology Programs at the U.S. Army Research Laboratory,0.391528,59,1702.04652,Overview of Cyber Science and Technology Programs at the U.S. Army Research Laboratory,0.39153,59,1702.04652,Overview of Cyber Science and Technology Programs at the U.S. Army Research Laboratory,0.39153,59,True,partial relavance,scope_mismatch,"Both sit in the Army cyber / connected-systems ecosystem, but IoBT is narrower and more battlefield-device focused than a broad overview of cyber science programs."
CS_14,cs,293111,Civic and Tech through English Language (CTEL),"Civic and Tech through English Language II (CTEL II) program will provide English language training courses aimed at improving English language command among Civic Education and Internet and Computer Technologies (ICT) teachers and promoting as well as advancing integrated teaching and learning in the following three disciplines: English language, Civic Education and ICT in the public schools of Samtskhe-Javakheti and Shida Kartli regions.",2204.11461,"A Review of Research on Civic Technology: Definitions, Theories, History and Insights","There have been initiatives that take advantage of information and communication technologies to serve civic purposes, referred to as civic technologies (Civic Tech). In this paper, we present a review of 224 papers from the ACM Digital Library focusing on Computer Supported Cooperative Work and Human-Computer Interaction, the key fields supporting the building of Civic Tech. Through this review, we discuss the concepts, theories and history of civic tech research and provide insights on the technological tools, social processes and participation mechanisms involved. Our work seeks to direct future civic tech efforts to the phase of by the citizens.",0.384994,-1841,2204.11461,"A Review of Research on Civic Technology: Definitions, Theories, History and Insights",0.38516,-1841,1511.07087,"Visualization in teaching and learning mathematics in elementary, secondary and higher education",0.19109,505,2204.11461,"A Review of Research on Civic Technology: Definitions, Theories, History and Insights",0.384994,-1841,False,weak relavance,scope_mismatch,"The word 'civic' is doing too much work here. The grant is an English-language training and teaching program, while the paper is an academic review of civic technology research."
CS_15,cs,40833,Spin Torque Transfer-Random Access Memory (STT-RAM),"DARPA is soliciting innovative research and development (R&D) proposals in the area of Spin-Torque Transfer Random Access Memory technologies. The goal of this program is to develop materials and processes to fully exploit the spin-torque transfer (STT) phenomenon for creating “universal” memory elements. A universal memory element is one that exhibits scalability for high capacity of storage per unit volume, as well as high read/write speed, compatibility with CMOS processes, and non-volatility. Proposed research should investigate innovative approaches that enable revolutionary advances in science, devices, or systems. Specifically excluded is research that primarily results in evolutionary improvements to the existing state of practice. Prior research in micro-magnetics and spintronics has led to the exploitation of giant magnetoresistance (GMR) effects for rotating magnetic disk drive memories, as well as magnetic tunneling junctions (MTJ) for magnetic random access memory (MRAM). The spin-torque transfer (STT) effect is a recent discovery that exploits magnetic spin states to electrically change the magnetic orientation of a material (Science 285, 867 (1999)). Components based on the STT effect can have the properties of a universal memory, high density, high speed, non-volatility, high endurance, and can also be well suited for harsh environments such as those with exposure to ionizing radiation. In addition, they can operate from a single power supply voltage level greatly simplifying associated circuitry.This program is aimed at developing the core technology for exploiting spin-torque transfer and related phenomena for producing large-scale memories. Compatibility and stability with expected mainstream processes for semiconductor electronics and patterned media is an important attribute that should enable significant leverage for these new technologies in delivering early demonstrations and in gaining wider acceptance.All administrative correspondence and questions on this solicitation, including requests for information on how to submit a proposal abstract or full proposal to this BAA, should be directed to BAA08-16@darpa.mil.Full BAA attached.",1202.1782,Cross-point architecture for spin transfer torque magnetic random access memory,"Spin transfer torque magnetic random access memory (STT-MRAM) is considered as one of the most promising candidates to build up a true universal memory thanks to its fast write/read speed, infinite endurance and non-volatility. However the conventional access architecture based on 1 transistor + 1 memory cell limits its storage density as the selection transistor should be large enough to ensure the write current higher than the critical current for the STT operation. This paper describes a design of cross-point architecture for STT-MRAM. The mean area per word corresponds to only two transistors, which are shared by a number of bits (e.g. 64). This leads to significant improvement of data density (e.g. 1.75 F2/bit). Special techniques are also presented to address the sneak currents and low speed issues of conventional cross-point architecture, which are difficult to surmount and few efficient design solutions have been reported in the literature. By using a STT-MRAM SPICE model including precise experimental parameters and STMicroelectronics 65 nm technology, some chip characteristic results such as cell area, data access speed and power have been calculated or simulated to demonstrate the expected performances of this new memory architecture.",0.383608,-1443,1202.1782,Cross-point architecture for spin transfer torque magnetic random access memory,0.383612,-1443,0710.4657,New Schemes for Self-Testing RAM,0.119567,124,1202.1782,Cross-point architecture for spin transfer torque magnetic random access memory,0.383608,-1443,True,Strong Relavance,none,"Strong hardware-memory alignment. STT-RAM is the core of both the solicitation and the paper; the paper goes into cross-point architecture, which is a concrete technical realization of the same area."
CS_16,cs,121133,Coral Reef Conservation Program International Coral Reef Conservation Cooperative Agreements,"The NOAA Coral Reef Conservation Grant Program (Grant Program), as authorized under the Coral Reef Conservation Act of 2000, provides matching grants of financial assistance for international coral reef conservation cooperative agreements. The Grant Program solicits proposals that will support the NOAA Coral Reef Conservation Program International Strategy 2010-2015 (International Strategy). The International Strategy focuses on supporting existing regional efforts in four priority regions based on their interconnections with U.S. reef ecosystems and existing initiatives and partnerships. Two of these four priority regions will be considered under this Federal Funding Opportunity: the Wider Caribbean and Samoa and the Southwest Pacific.",2410.20436,CoralSCOP-LAT: Labeling and Analyzing Tool for Coral Reef Images with Dense Mask,"Coral reef imagery offers critical data for monitoring ecosystem health, in particular as the ease of image datasets continues to rapidly expand. Whilst semi-automated analytical platforms for reef imagery are becoming more available, the dominant approaches face fundamental limitations. To address these challenges, we propose CoralSCOP-LAT, a coral reef image analysis and labeling tool that automatically segments and analyzes coral regions. By leveraging advanced machine learning models tailored for coral reef segmentation, CoralSCOP-LAT enables users to generate dense segmentation masks with minimal manual effort, significantly enhancing both the labeling efficiency and precision of coral reef analysis. Our extensive evaluations demonstrate that CoralSCOP-LAT surpasses existing coral reef analysis tools in terms of time efficiency, accuracy, precision, and flexibility. CoralSCOP-LAT, therefore, not only accelerates the coral reef annotation process but also assists users in obtaining high-quality coral reef segmentation and analysis outcomes. Github Page: https://github.com/ykwongaq/CoralSCOP-LAT.",0.380832,-4798,2410.20436,CoralSCOP-LAT: Labeling and Analyzing Tool for Coral Reef Images with Dense Mask,0.380832,-4798,1012.4554,Proceedings 24th International Workshop on Unification,0.118589,261,2410.20436,CoralSCOP-LAT: Labeling and Analyzing Tool for Coral Reef Images with Dense Mask,0.380832,-4798,False,partial relavance,scope_mismatch,"Coral reefs match, but the grant is an international conservation assistance program whereas the paper is a dense-mask labeling tool for reef images. Related infrastructure, different mission layer."
CS_17,cs,261268,Unmanned Aircraft System (UAS) Airspace Integration,"• The objective of this effort is to conduct basic, applied, advanced and demonstration/validation research to develop, demonstrate, integrate and transition new UAS airspace integration technologies to the warfighter.• Tasks may include the following: – Modeling, simulation and analysis of UAS – Trade studies and research of UAS systems, subsystems and interfaces– Verification, validation and safety analysis– Concept and component research and development, including software and/or hardware – Human-machine interface research and development– Develop, conduct and/or support ground or flight tests• Calls under this BAA will fall under six research areas in AFRL/RQQ: Airspace Integration; State Awareness and Real Time Response; Verification & Validation; Cooperative Intelligence; Surveillance and Reconnaissance; Automated Strike Integration and Safety Technologies • Calls under this BAA may be standalone efforts in one or multiple research areas, or in support of a larger effort. Each individual call will specify its own goals, objectives and deliverables.",2211.1533,"UAS in the Airspace: A Review on Integration, Simulation, Optimization, and Open Challenges","Air transportation is essential for society, and it is increasing gradually due to its importance. To improve the airspace operation, new technologies are under development, such as Unmanned Aircraft Systems (UAS). In fact, in the past few years, there has been a growth in UAS numbers in segregated airspace. However, there is an interest in integrating these aircraft into the National Airspace System (NAS). The UAS is vital to different industries due to its advantages brought to the airspace (e.g., efficiency). Conversely, the relationship between UAS and Air Traffic Control (ATC) needs to be well-defined due to the impacts on ATC capacity these aircraft may present. Throughout the years, this impact may be lower than it is nowadays because the current lack of familiarity in this relationship contributes to higher workload levels. Thereupon, the primary goal of this research is to present a comprehensive review of the advancements in the integration of UAS in the National Airspace System (NAS) from different perspectives. We consider the challenges regarding simulation, final approach, and optimization of problems related to the interoperability of such systems in the airspace. Finally, we identify several open challenges in the field based on the existing state-of-the-art proposals.",0.380335,-3031,2211.15330,"UAS in the Airspace: A Review on Integration, Simulation, Optimization, and Open Challenges",0.380328,-3031,1311.0653,Automatic Airspace Sectorisation: A Survey,0.220533,276,2211.15330,"UAS in the Airspace: A Review on Integration, Simulation, Optimization, and Open Challenges",0.380335,-3031,True,Strong Relavance,none,"Direct thematic alignment on UAS airspace integration. The paper is a review rather than a single technology contribution, but it still surveys the exact problem named by the grant."
CS_18,cs,349929,WINDOWS ON THE UNIVERSE: THE ERA OF MULTI-MESSENGER ASTROPHYSICS,"The Universe is the ultimate laboratory, and we can now probe it as never before through several powerful and diverse windows – electromagnetic waves, high-energy particles, and gravitational waves. Each of these windows provides a different view. Together they reveal a detailed picture of the Universe that will allow us to study matter, energy, and the cosmos in fundamentally new ways. The “Windows on the Universe” Multi-Messenger Astrophysics (WoU-MMA) program identifies three categories of messengers - electromagnetic waves, high-energy particles including neutrinos and cosmic rays, and gravitational waves. The goals of WoU-MMA are to build the capabilities and accelerate the synergy between observations and theory to realize integrated, multi-messenger astrophysical explorations of the Universe. The WoU-MMA program welcomes proposals in any area of research supported through the participating divisions that address at least one of the following criteria: Coordination: Activities to coordinate observations involving more than one messenger. Observations: Observations of astrophysical objects or phenomena that are potentially sources of more than one messenger. Interpretation: Theory, experiment, simulations and other activities to understand or interpret observations of astrophysical objects that are sources of more than onemessenger. Competitive proposals will accelerate the progress in multi-messenger astrophysics and advance the community activities that have been developed during the initial five-year period of the WoU-MMA program. These build on observational and analysis capabilities at the intersection of the explorations enabled by each of the three windows. Efforts to integrate research communities to develop full interoperability between the three windows, and to develop a skilled new workforce in this field, are also encouraged. Proposals should be submitted to the relevant programs listed below (see Related Programs). The WoU-MMA program is not intended to replace existing programs that make awards that involve experimental or theoretical efforts related to each of the three messengers. Rather, the WoU-MMA program is meant to fund awards that have significant components of multi-messenger astrophysics. Priority will be given to proposals for dedicated efforts that significantly advance the WoU-MMA goals. A proposal that is requesting consideration within the context of WoU-MMA should begin the title with the identifying acronym ""WoU-MMA:"". PIs should ask for consideration and review as a WoU-MMA proposal only if the proposal addresses at least one of the criteria listed above. Proposals marked for consideration by the WoU-MMA program that do not address at least one of these criteria will be reviewed solely within the participating program(s) to which they were submitted. Supplement requests to existing awards within a program that address one of the above criteria will also be considered.",1911.11779,Enabling real-time multi-messenger astrophysics discoveries with deep learning,"Multi-messenger astrophysics is a fast-growing, interdisciplinary field that combines data, which vary in volume and speed of data processing, from many different instruments that probe the Universe using different cosmic messengers: electromagnetic waves, cosmic rays, gravitational waves and neutrinos. In this Expert Recommendation, we review the key challenges of real-time observations of gravitational wave sources and their electromagnetic and astroparticle counterparts, and make a number of recommendations to maximize their potential for scientific discovery. These recommendations refer to the design of scalable and computationally efficient machine learning algorithms; the cyber-infrastructure to numerically simulate astrophysical sources, and to process and interpret multi-messenger astrophysics data; the management of gravitational wave detections to trigger real-time alerts for electromagnetic and astroparticle follow-ups; a vision to harness future developments of machine learning and cyber-infrastructure resources to cope with the big-data requirements; and the need to build a community of experts to realize the goals of multi-messenger astrophysics.",0.379742,1362,1911.11779,Enabling real-time multi-messenger astrophysics discoveries with deep learning,0.379748,1362,2105.06479,Advances in Machine and Deep Learning for Modeling and Real-time Detection of Multi-Messenger Sources,0.235096,828,1911.11779,Enabling real-time multi-messenger astrophysics discoveries with deep learning,0.379742,1362,True,Strong Relavance,temporal_mismatch,"Multi-messenger astrophysics is shared almost word-for-word, and the deep-learning angle is a plausible enabling technology. Timing is inverted, though, so it is a strong semantic match with weak inspiration direction."
CS_19,cs,339438,Randomized Algorithms for Combinatorial Scientific Computing,"The DOE SC program in Advanced Scientific Computing Research (ASCR) hereby announces its interest in basic research in the design, development, analysis, and scalability of randomized algorithms for the challenging discrete and combinatorial problems that arise in the Department’s energy, environmental, and national security mission areas.",2104.11079,Randomized Algorithms for Scientific Computing (RASC),"Randomized algorithms have propelled advances in artificial intelligence and represent a foundational research area in advancing AI for Science. Future advancements in DOE Office of Science priority areas such as climate science, astrophysics, fusion, advanced materials, combustion, and quantum computing all require randomized algorithms for surmounting challenges of complexity, robustness, and scalability. This report summarizes the outcomes of that workshop, ""Randomized Algorithms for Scientific Computing (RASC),"" held virtually across four days in December 2020 and January 2021.",0.374122,360,2104.11079,Randomized Algorithms for Scientific Computing (RASC),0.374114,360,2104.11079,Randomized Algorithms for Scientific Computing (RASC),0.374122,360,2104.11079,Randomized Algorithms for Scientific Computing (RASC),0.374122,360,True,Strong Relavance,temporal_mismatch,"Another very close randomized-algorithms pairing. The paper predates the grant, so the temporal arrow is awkward, but semantically this is still a strong hit."
CS_20,cs,46296,"Algebra, Number Theory, and Combinatorics","Supports research in algebra, including algebraic structures, general algebra, and linear algebra; number theory, including algebraic, analytic number theory, arithmetic geometry, quadratic forms, and automorphic forms; combinatorics, including graph theory; and algebraic geometry.",2303.09603,Rigorous Analytic Combinatorics in Several Variables in SageMath,"We introduce the new sage_acsv package for the SageMath computer algebra system, allowing users to rigorously compute asymptotics for a large variety of multivariate sequences with rational generating functions. Using Sage's support for exact computations over the algebraic number field, this package provides the first rigorous implementation of algorithms from the theory of analytic combinatorics in several variables.",0.372349,-5105,2303.09603,Rigorous Analytic Combinatorics in Several Variables in SageMath,0.372352,-5105,0811.1254,Coding Theory and Algebraic Combinatorics,0.247923,136,2303.09603,Rigorous Analytic Combinatorics in Several Variables in SageMath,0.372349,-5105,True,Strong Relavance,none,"This is a good mathematics match: the grant covers algebra, number theory, and combinatorics, and the paper is rigorous analytic combinatorics implemented in SageMath. Niche, but genuinely aligned."
ENV_ENERGY_01,env_energy,332386,EXPRESS: Randomized Algorithms for Extreme-Scale Science,The DOE SC program in Advanced Scientific Computing Research (ASCR) hereby announces its interest in research applications to explore potentially high-impact approaches in the development and use of randomized algorithms for scientific computing and extreme-scale science,2104.11079,Randomized Algorithms for Scientific Computing (RASC),"Randomized algorithms have propelled advances in artificial intelligence and represent a foundational research area in advancing AI for Science. Future advancements in DOE Office of Science priority areas such as climate science, astrophysics, fusion, advanced materials, combustion, and quantum computing all require randomized algorithms for surmounting challenges of complexity, robustness, and scalability. This report summarizes the outcomes of that workshop, ""Randomized Algorithms for Scientific Computing (RASC),"" held virtually across four days in December 2020 and January 2021.",0.43913,-24,2104.11079,Randomized Algorithms for Scientific Computing (RASC),0.43913,-24,1904.03085,RADICAL-Cybertools: Middleware Building Blocks for Scalable Science,0.190715,721,2104.11079,Randomized Algorithms for Scientific Computing (RASC),0.43913,-24,False,Strong Relavance,duplicate_candidate,"Excellent content fit on randomized algorithms for science, but this row duplicates the same paper already matched elsewhere under the same scientific theme."
ENV_ENERGY_02,env_energy,233281,FY 2013 Methane Hydrates,"The objective of this Funding Opportunity Announcement is to fund research that advances the current state of knowledge or technology with respect to methane hydrate science focusing on characterization of gas hydrate deposits, response of methane hydrate systems to natural environmental change, and response of gas hydrate reservoirs to induced environmental change to determine the potential of methane hydrates as a potential energy resource and their role in the natural environment.",2301.01756,Dynamic Viscosity of Methane and Carbon Dioxide Hydrate Systems from Pure Water at High-Pressure Driving Forces,"The viscosity of methane and carbon dioxide hydrate systems were measured using a high-pressure rheometer up to 30 MPag. Where hydrate formation was not detected, the effect of temperature on the viscosity was one order of magnitude higher than the pressure effect on viscosity in most of the experimental pressure range (-0.048 mPa s/C at 1 MPag and 0.009 mPa s/MPag at 2C). The pressure effect on the viscosity of carbon dioxide systems where no hydrate formation was observed was up to one order of magnitude higher than that of the methane systems, due to carbon dioxide's higher solubility in water. Novel rheological phases diagrams were developed to further characterize the gas hydrate systems. Several systems with high driving forces for hydrate formation (2.07 MPag to 4.1 MPag) did not form gas hydrates. System limitations to the formation of hydrates were categorized as kinetic, mass diffusion, and/or heat of crystallization effects.",0.429267,-3530,2301.01756,Dynamic Viscosity of Methane and Carbon Dioxide Hydrate Systems from Pure Water at High-Pressure Driving Forces,0.429263,-3530,1104.2876,Adsorption of CO$_2$ and CH$_4$ and their mixtures in gas hydrates,0.371478,753,2301.01756,Dynamic Viscosity of Methane and Carbon Dioxide Hydrate Systems from Pure Water at High-Pressure Driving Forces,0.429267,-3530,True,Strong Relavance,none,"Strong methane-hydrate overlap. The solicitation asks for advancing methane hydrate science, and the paper measures viscosity in methane and CO2 hydrate systems under high pressure."
ENV_ENERGY_03,env_energy,44089,Stem Cells and Cancer (R21),"Purpose. This funding opportunity announcement (FOA), issued by the National Cancer Institute (NCI), and the National Institute on Aging (NIA), encourages research in all aspects of tumor stem cell biology, including the molecular and biochemical regulation of embryonic and adult stem cell behavior relevant to tumor formation. Tumor stem cells are a rare population of cells that can recapitulate all the cell types represented in the original tumor. Tumor stem cells are capable of self-renewal and asymmetric cell division. These cells are putatively responsible for the transplantability and metastatic properties of tumors. This FOA intends to stimulate efforts on isolation and characterization of tumor stem cells from a large spectrum of tumors. Such studies are important in order to understand the progression of malignant diseases. They may also inspire the development of new therapeutic strategies based on specific targeting of tumor stem cells. In addition, more research is encouraged to understand the genetic and biochemical regulatory mechanisms that control the self-renewal phenotype, asymmetric cell division, and the stem cell microenvironment (or niche ). It is anticipated that the results of such research will ultimately improve the specificity and long-term effectiveness of cancer therapy.",1705.05025,Complexity in cancer stem cells and tumor evolution: towards precision medicine,"In this review, we discuss recent advances on the plasticity of cancer stem cells and highlight their relevance to understand the metastatic process and to guide therapeutic interventions. Recent results suggest that the strict hierarchical structure of cancer cell populations advocated by the cancer stem cell model must be reconsidered since the depletion of cancer stem cells leads the other tumor cells to switch back into the cancer stem cell phenotype. This plasticity has important implications for metastasis since migrating cells do not need to be cancer stem cells in order to seed a metastasis. We also discuss the important role of the immune system and the microenvironment in modulating phenotypic switching and suggest possible avenues to exploit our understanding of this process to develop an effective strategy for precision medicine.",0.427059,-3299,1705.05025,Complexity in cancer stem cells and tumor evolution: towards precision medicine,0.427055,-3299,q-bio/0612037,"Simulating Brain Tumor Heterogeneity with a Multiscale Agent-Based Model: Linking Molecular Signatures, Phenotypes and Expansion Rate",0.24364,501,1705.05025,Complexity in cancer stem cells and tumor evolution: towards precision medicine,0.427059,-3299,True,Strong Relavance,none,"Cancer stem cells are central to both texts. The grant invites stem-cell-and-cancer work, and the paper is a review on cancer stem cell complexity and tumor evolution."
ENV_ENERGY_04,env_energy,339438,Randomized Algorithms for Combinatorial Scientific Computing,"The DOE SC program in Advanced Scientific Computing Research (ASCR) hereby announces its interest in basic research in the design, development, analysis, and scalability of randomized algorithms for the challenging discrete and combinatorial problems that arise in the Department’s energy, environmental, and national security mission areas.",2104.11079,Randomized Algorithms for Scientific Computing (RASC),"Randomized algorithms have propelled advances in artificial intelligence and represent a foundational research area in advancing AI for Science. Future advancements in DOE Office of Science priority areas such as climate science, astrophysics, fusion, advanced materials, combustion, and quantum computing all require randomized algorithms for surmounting challenges of complexity, robustness, and scalability. This report summarizes the outcomes of that workshop, ""Randomized Algorithms for Scientific Computing (RASC),"" held virtually across four days in December 2020 and January 2021.",0.419355,360,2104.11079,Randomized Algorithms for Scientific Computing (RASC),0.419326,360,2104.11079,Randomized Algorithms for Scientific Computing (RASC),0.419355,360,2104.11079,Randomized Algorithms for Scientific Computing (RASC),0.419355,360,False,Strong Relavance,duplicate_candidate,"Semantically strong for randomized algorithms in scientific computing, but it is another repeat hit of the same RASC paper and also suffers from the paper-grant time order being reversed."
ENV_ENERGY_05,env_energy,55983,Harmful Algal Bloom Programs,"National Centers for Coastal Ocean Centers (NCCOS)/Center for Sponsored Coastal Ocean Research (CSCOR) is soliciting proposals for the Ecology and Oceanography of Harmful Algal Blooms Program, the Monitoring and Event Response for Harmful Algal Blooms Program and the Prevention, Control and Mitigation of Harmful Algal Blooms Program. Background information about the NCCOS/CSCOR efforts can be found at http://www.cop.noaa.gov. Proposals should be submitted through Grants.gov http://www.grants.gov/.",1903.05993,Cooperative decentralized circumnavigation with application to algal bloom tracking,Harmful algal blooms occur frequently and deteriorate water quality. A reliable method is proposed in this paper to track algal blooms using a set of autonomous surface robots. A satellite image indicates the existence and initial location of the algal bloom for the deployment of the robot system. The algal bloom area is approximated by a circle with time varying location and size. This circle is estimated and circumnavigated by the robots which are able to locally sense its boundary. A multi-agent control algorithm is proposed for the continuous monitoring of the dynamic evolution of the algal bloom. Such algorithm comprises of a decentralized least squares estimation of the target and a controller for circumnavigation. We prove the convergence of the robots to the circle and in equally spaced positions around it. Simulation results with data provided by the SINMOD ocean model are used to illustrate the theoretical results.,0.414051,-3159,1903.05993,Cooperative decentralized circumnavigation with application to algal bloom tracking,0.414038,-3159,0708.4198,Tracing the early development of harmful algal blooms with the aid of Lagrangian coherent structures,0.259486,1055,1903.05993,Cooperative decentralized circumnavigation with application to algal bloom tracking,0.414051,-3159,True,partial relavance,scope_mismatch,"Both revolve around harmful algal blooms. The grant is a bloom-program umbrella, while the paper contributes a robotics/control method for bloom tracking, so the connection is real but application-specific."
ENV_ENERGY_06,env_energy,336125,Staff Support for Regional State Engagement with the U.S. Department of Energy - Office of Integrated Waste Management on Radioactive Materials Transportation Planning,"The purpose of this Cooperative Agreement between the U.S. Department of Energy (DOE), Office of Nuclear Energy (NE), Office of Integrated Waste Management (DOE-IWM) and [TBD] hereinafter referred to as the “Recipient” is to facilitate engagement between State government officials in one of the four (4) specific regions: Eastern Region, Western Region, Midwestern Region or Southern Region of the United States and DOE-IWM in planning for future large-scale DOE transportation of commercial spent nuclear fuel (SNF) and high-level radioactive waste (HLW) to storage and disposal facilities, when such facilities become available, and related DOE program issues that may impact a State or region. This facilitation is an essential component of developing and implementing a successful large-scale SNF transportation program that is safe, secure, and that merits public trust and confidence.",2403.09848,Implementation of Parallel Process Execution in the Next Generation System Analysis Model,"The United States DOE Office of Integrated Waste Management program is planning for the transportation, storage, and eventual disposal of spent nuclear fuel and high-level radioactive waste from nuclear power plant sites across the United States. The Next Generation System Analysis Model is an agent-based simulation toolkit that is used for system level simulation and analysis of the SNF inventory in the United States. This tool was developed as part of a collaborative effort between Argonne National Laboratory and Oak Ridge National Laboratory. The analyst using NGSAM has the ability to define several factors like the number of storage facilities, capacity at each facility, transportation schedules, shipment rates, and other conditions. The primary purpose of NGSAM is to provide the system analyst with the tools to model the integrated waste management system and gain insights on waste management alternatives, impact of storage choices, generating cost estimates, and developing an integrated approach with emphasis on flexibility.",0.412628,-883,2403.09848,Implementation of Parallel Process Execution in the Next Generation System Analysis Model,0.412598,-883,2010.03395,Thermometry of intermediate level nuclear waste containers in multiple environmental conditions,0.182072,371,2403.09848,Implementation of Parallel Process Execution in the Next Generation System Analysis Model,0.412628,-883,True,Strong Relavance,none,"This is one of the better administrative-to-technical matches. The grant is for DOE integrated waste-management transportation planning support, and the paper implements parallel execution in the exact next-generation system analysis model used in that context."
ENV_ENERGY_07,env_energy,321621,Coral Reef and Natural Resources Program,The Coral Reef and Natural Resources Initiative provides grant funding for management and protection of coral reefs and combat invasive species in the U.S. insular areas.,2212.04132,Combining Photogrammetric Computer Vision and Semantic Segmentation for Fine-grained Understanding of Coral Reef Growth under Climate Change,"Corals are the primary habitat-building life-form on reefs that support a quarter of the species in the ocean. A coral reef ecosystem usually consists of reefs, each of which is like a tall building in any city. These reef-building corals secrete hard calcareous exoskeletons that give them structural rigidity, and are also a prerequisite for our accurate 3D modeling and semantic mapping using advanced photogrammetric computer vision and machine learning. Underwater videography as a modern underwater remote sensing tool is a high-resolution coral habitat survey and mapping technique. In this paper, detailed 3D mesh models, digital surface models and orthophotos of the coral habitat are generated from the collected coral images and underwater control points. Meanwhile, a novel pixel-wise semantic segmentation approach of orthophotos is performed by advanced deep learning. Finally, the semantic map is mapped into 3D space. For the first time, 3D fine-grained semantic modeling and rugosity evaluation of coral reefs have been completed at millimeter (mm) accuracy. This provides a new and powerful method for understanding the processes and characteristics of coral reef change at high spatial and temporal resolution under climate change.",0.409946,-1149,2212.04132,Combining Photogrammetric Computer Vision and Semantic Segmentation for Fine-grained Understanding of Coral Reef Growth under Climate Change,0.410361,-1149,1808.02763,Bayesreef: A Bayesian inference framework for modelling reef growth in response to environmental change and biological dynamics,0.254597,436,2212.04132,Combining Photogrammetric Computer Vision and Semantic Segmentation for Fine-grained Understanding of Coral Reef Growth under Climate Change,0.409946,-1149,False,Strong Relavance,duplicate_candidate,"Very plausible coral-reef match: management/protection on the grant side, fine-grained reef-growth analysis with computer vision on the paper side. I would keep the newer reef call instead of this older duplicate."
ENV_ENERGY_08,env_energy,291618,"Cooperative Ecosystem Studies Unit (CESU), Rocky Mountain CESU","The USGS is offering a funding opportunity to a CESU partner for research on refining our understanding of the amounts and types of land cover change in monarch butterfly migratory habitat in Mexico. The Eastern population of monarch butterflies has experienced declines over the last two decades. A leading hypothesis for the decline is the loss of breeding habitats in the central US. However, others have suggested declines in habitat that supports both northward and southward migration in Mexico and Texas may be impacting the population. Analysis of land cover change in the central US exist, and USGS is currently working on a change analysis for Texas. However, a similar analysis in Mexico does not exist and is needed to understand the rates and types of land change taking place across the entire migratory range of the eastern monarch butterfly population. Remotely sensed data products for Mexico differ from those available in the US and an assessment of what data are available and how they can be used to address a change analysis of monarch migratory habitat in Mexico may be required.",1112.3991,Short and Long Range Population Dynamics of the Monarch,"The monarch butterfly annually migrates from central Mexico to southern Canada. During recent decades, its population has been reduced due to human interaction with their habitat. We examine the effect of herbicide usage on the monarch butterfly's population by creating a system of linear and non-linear ordinary differential equations that describe the interaction between the monarch's population and its environment at various stages of migration: spring migration, summer loitering, and fall migration. The model has various stages that are used to describe the dynamics of the monarch butterfly population over multiple generations. In Stage 1, we propose a system of coupled ordinary differential equations that model the populations of the monarch butterflies and larvae during spring migration. In Stage 2, we propose a predator-prey model with age structure to model the population dynamics at the summer breeding site. In Stages 3 and 4, we propose exponential decay functions to model the monarch butterfly's fall migration to central Mexico and their time at the overwintering site. The model is used to analyze the long-term behavior of the monarch butterflies through numerical analysis, given data available in the research literature.",0.405895,1879,1112.3991,Short and Long Range Population Dynamics of the Monarch,0.406108,1879,1605.03706,Climate change and integrodifference equations in a stochastic environment,0.112376,270,1112.3991,Short and Long Range Population Dynamics of the Monarch,0.405895,1879,False,partial relavance,temporal_mismatch,"Monarch biology lines up, but the paper seems earlier than the specific CESU call and the grant is about habitat-change research in Mexico rather than the exact population-dynamics framing of the manuscript."
ENV_ENERGY_09,env_energy,261549,BLM&apos;s Unmanned Aircraft Systems (UAS) Resource Management Operations,BLM's Unmanned Aircraft Systems (UAS) Resource Management Operations,2008.12461,"Counter-Unmanned Aircraft System(s) (C-UAS): State of the Art, Challenges and Future Trends","Unmanned aircraft systems (UAS), or unmanned aerial vehicles (UAVs), often referred to as drones, have been experiencing healthy growth in the United States and around the world. The positive uses of UAS have the potential to save lives, increase safety and efficiency, and enable more effective science and engineering research. However, UAS are subject to threats stemming from increasing reliance on computer and communication technologies, which place public safety, national security, and individual privacy at risk. To promote safe, secure and privacy-respecting UAS operations, there is an urgent need for innovative technologies for detecting, tracking, identifying and mitigating UAS. A Counter-UAS (C-UAS) system is defined as a system or device capable of lawfully and safely disabling, disrupting, or seizing control of an unmanned aircraft or unmanned aircraft system. Over the past 5 years, significant research efforts have been made to detect, and mitigate UAS: detection technologies are based on acoustic, vision, passive radio frequency, radar, and data fusion; and mitigation technologies include physical capture or jamming. In this paper, we provide a comprehensive survey of existing literature in the area of C-UAS, identify the challenges in countering unauthorized or unsafe UAS, and evaluate the trends of detection and mitigation for protecting against UAS-based threats. The objective of this survey paper is to present a systematic introduction of C-UAS technologies, thus fostering a research community committed to the safe integration of UAS into the airspace system.",0.404046,-2209,,,,,1203.2386,On-Board Visual Tracking with Unmanned Aircraft System (UAS),0.14828,883,2008.12461,"Counter-Unmanned Aircraft System(s) (C-UAS): State of the Art, Challenges and Future Trends",0.404046,-2209,False,weak relavance,scope_mismatch,"Both mention UAS, but that is where the friendship ends. The grant is about resource-management operations using UAS, while the paper is on counter-UAS systems and defense/security challenges."
ENV_ENERGY_10,env_energy,305874,Coral Reef and Natural Resources Program 2018,The Coral Reef and Natural Resources Initiative provides grant funding for management and protection of coral reefs and combat invasive species in the U.S. insular areas.,2212.04132,Combining Photogrammetric Computer Vision and Semantic Segmentation for Fine-grained Understanding of Coral Reef Growth under Climate Change,"Corals are the primary habitat-building life-form on reefs that support a quarter of the species in the ocean. A coral reef ecosystem usually consists of reefs, each of which is like a tall building in any city. These reef-building corals secrete hard calcareous exoskeletons that give them structural rigidity, and are also a prerequisite for our accurate 3D modeling and semantic mapping using advanced photogrammetric computer vision and machine learning. Underwater videography as a modern underwater remote sensing tool is a high-resolution coral habitat survey and mapping technique. In this paper, detailed 3D mesh models, digital surface models and orthophotos of the coral habitat are generated from the collected coral images and underwater control points. Meanwhile, a novel pixel-wise semantic segmentation approach of orthophotos is performed by advanced deep learning. Finally, the semantic map is mapped into 3D space. For the first time, 3D fine-grained semantic modeling and rugosity evaluation of coral reefs have been completed at millimeter (mm) accuracy. This provides a new and powerful method for understanding the processes and characteristics of coral reef change at high spatial and temporal resolution under climate change.",0.403936,-1648,2212.04132,Combining Photogrammetric Computer Vision and Semantic Segmentation for Fine-grained Understanding of Coral Reef Growth under Climate Change,0.404353,-1648,1606.08363,Among-site variability in the stochastic dynamics of East African coral reefs,0.332241,707,2212.04132,Combining Photogrammetric Computer Vision and Semantic Segmentation for Fine-grained Understanding of Coral Reef Growth under Climate Change,0.403936,-1648,False,Strong Relavance,duplicate_candidate,"Substantively related on coral reef monitoring and analysis, but this is another yearly reef-program variant pointing to the same paper, so it is better treated as redundant."
ENV_ENERGY_11,env_energy,313593,Coral Reef and Natural Resources Program 2019,The Coral Reef and Natural Resources Initiative provides grant funding for management and protection of coral reefs and combat invasive species in the U.S. insular areas.,2212.04132,Combining Photogrammetric Computer Vision and Semantic Segmentation for Fine-grained Understanding of Coral Reef Growth under Climate Change,"Corals are the primary habitat-building life-form on reefs that support a quarter of the species in the ocean. A coral reef ecosystem usually consists of reefs, each of which is like a tall building in any city. These reef-building corals secrete hard calcareous exoskeletons that give them structural rigidity, and are also a prerequisite for our accurate 3D modeling and semantic mapping using advanced photogrammetric computer vision and machine learning. Underwater videography as a modern underwater remote sensing tool is a high-resolution coral habitat survey and mapping technique. In this paper, detailed 3D mesh models, digital surface models and orthophotos of the coral habitat are generated from the collected coral images and underwater control points. Meanwhile, a novel pixel-wise semantic segmentation approach of orthophotos is performed by advanced deep learning. Finally, the semantic map is mapped into 3D space. For the first time, 3D fine-grained semantic modeling and rugosity evaluation of coral reefs have been completed at millimeter (mm) accuracy. This provides a new and powerful method for understanding the processes and characteristics of coral reef change at high spatial and temporal resolution under climate change.",0.403835,-1371,2212.04132,Combining Photogrammetric Computer Vision and Semantic Segmentation for Fine-grained Understanding of Coral Reef Growth under Climate Change,0.404249,-1371,1606.08363,Among-site variability in the stochastic dynamics of East African coral reefs,0.332157,984,2212.04132,Combining Photogrammetric Computer Vision and Semantic Segmentation for Fine-grained Understanding of Coral Reef Growth under Climate Change,0.403835,-1371,False,Strong Relavance,duplicate_candidate,"Again a sensible reef-management to reef-analysis pairing, just not unique enough to keep as a separate evaluation item once the cluster is deduplicated."
ENV_ENERGY_12,env_energy,330685,Coral Reef and Natural Resources Program 2021,The Coral Reef and Natural Resources Initiative provides grant funding for management and protection of coral reefs and to combat invasive species in the U.S. insular areas.,2212.04132,Combining Photogrammetric Computer Vision and Semantic Segmentation for Fine-grained Understanding of Coral Reef Growth under Climate Change,"Corals are the primary habitat-building life-form on reefs that support a quarter of the species in the ocean. A coral reef ecosystem usually consists of reefs, each of which is like a tall building in any city. These reef-building corals secrete hard calcareous exoskeletons that give them structural rigidity, and are also a prerequisite for our accurate 3D modeling and semantic mapping using advanced photogrammetric computer vision and machine learning. Underwater videography as a modern underwater remote sensing tool is a high-resolution coral habitat survey and mapping technique. In this paper, detailed 3D mesh models, digital surface models and orthophotos of the coral habitat are generated from the collected coral images and underwater control points. Meanwhile, a novel pixel-wise semantic segmentation approach of orthophotos is performed by advanced deep learning. Finally, the semantic map is mapped into 3D space. For the first time, 3D fine-grained semantic modeling and rugosity evaluation of coral reefs have been completed at millimeter (mm) accuracy. This provides a new and powerful method for understanding the processes and characteristics of coral reef change at high spatial and temporal resolution under climate change.",0.403532,-702,2212.04132,Combining Photogrammetric Computer Vision and Semantic Segmentation for Fine-grained Understanding of Coral Reef Growth under Climate Change,0.403947,-702,2011.00304,Digital image processing to detect subtle motion in stony coral,0.319317,66,2212.04132,Combining Photogrammetric Computer Vision and Semantic Segmentation for Fine-grained Understanding of Coral Reef Growth under Climate Change,0.403532,-702,False,Strong Relavance,duplicate_candidate,"This annual reef call is closer in time and fits the coral-growth paper well, but it still looks like part of the same repeated grant family rather than a new semantic case."
ENV_ENERGY_13,env_energy,336758,OIA Coral Reef and Natural Resources Program 2022,The Coral Reef and Natural Resources Initiative provides grant funding for management and protection of coral reefs and to combat invasive species in the U.S. insular areas.,2212.04132,Combining Photogrammetric Computer Vision and Semantic Segmentation for Fine-grained Understanding of Coral Reef Growth under Climate Change,"Corals are the primary habitat-building life-form on reefs that support a quarter of the species in the ocean. A coral reef ecosystem usually consists of reefs, each of which is like a tall building in any city. These reef-building corals secrete hard calcareous exoskeletons that give them structural rigidity, and are also a prerequisite for our accurate 3D modeling and semantic mapping using advanced photogrammetric computer vision and machine learning. Underwater videography as a modern underwater remote sensing tool is a high-resolution coral habitat survey and mapping technique. In this paper, detailed 3D mesh models, digital surface models and orthophotos of the coral habitat are generated from the collected coral images and underwater control points. Meanwhile, a novel pixel-wise semantic segmentation approach of orthophotos is performed by advanced deep learning. Finally, the semantic map is mapped into 3D space. For the first time, 3D fine-grained semantic modeling and rugosity evaluation of coral reefs have been completed at millimeter (mm) accuracy. This provides a new and powerful method for understanding the processes and characteristics of coral reef change at high spatial and temporal resolution under climate change.",0.403422,-373,2212.04132,Combining Photogrammetric Computer Vision and Semantic Segmentation for Fine-grained Understanding of Coral Reef Growth under Climate Change,0.403837,-373,2105.02140,A Bayesian latent allocation model for clustering compositional data with application to the Great Barrier Reef,0.331632,209,2212.04132,Combining Photogrammetric Computer Vision and Semantic Segmentation for Fine-grained Understanding of Coral Reef Growth under Climate Change,0.403422,-373,False,Strong Relavance,duplicate_candidate,"Good coral-reef alignment and better timing than the older entries. Still, it repeats the same paper-theme pair already seen in neighboring reef opportunities."
ENV_ENERGY_14,env_energy,273729,Coral Reef Initiative Program,Coral Reef Initiative Program provides grant funding for management and protection of coral reef in the insular areas. Highest priority will be given to proposals that support local and regional priorities for protection and sustainable use of coral reefs.,2212.04132,Combining Photogrammetric Computer Vision and Semantic Segmentation for Fine-grained Understanding of Coral Reef Growth under Climate Change,"Corals are the primary habitat-building life-form on reefs that support a quarter of the species in the ocean. A coral reef ecosystem usually consists of reefs, each of which is like a tall building in any city. These reef-building corals secrete hard calcareous exoskeletons that give them structural rigidity, and are also a prerequisite for our accurate 3D modeling and semantic mapping using advanced photogrammetric computer vision and machine learning. Underwater videography as a modern underwater remote sensing tool is a high-resolution coral habitat survey and mapping technique. In this paper, detailed 3D mesh models, digital surface models and orthophotos of the coral habitat are generated from the collected coral images and underwater control points. Meanwhile, a novel pixel-wise semantic segmentation approach of orthophotos is performed by advanced deep learning. Finally, the semantic map is mapped into 3D space. For the first time, 3D fine-grained semantic modeling and rugosity evaluation of coral reefs have been completed at millimeter (mm) accuracy. This provides a new and powerful method for understanding the processes and characteristics of coral reef change at high spatial and temporal resolution under climate change.",0.403281,-2858,2212.04132,Combining Photogrammetric Computer Vision and Semantic Segmentation for Fine-grained Understanding of Coral Reef Growth under Climate Change,0.403735,-2858,1410.7074,Random Sampling in an Age of Automation: Minimizing Expenditures through Balanced Collection and Annotation,0.204954,107,2406.19591,Mathematical modelling and uncertainty quantification for analysis of biphasic coral reef recovery patterns,0.373001,-3426,False,partial relavance,duplicate_candidate,"The reef conservation mission matches at a high level, yet the long time gap and repeated-paper issue make this a weak candidate to retain despite topical overlap."
ENV_ENERGY_15,env_energy,280623,Coral Reef Initiative Program,Coral Reef Initiative Program provides grant funding for management and protection of coral reef in the insular areas. Highest priority will be given to proposals that support local and regional priorities for protection and sustainable use of coral reefs.,2212.04132,Combining Photogrammetric Computer Vision and Semantic Segmentation for Fine-grained Understanding of Coral Reef Growth under Climate Change,"Corals are the primary habitat-building life-form on reefs that support a quarter of the species in the ocean. A coral reef ecosystem usually consists of reefs, each of which is like a tall building in any city. These reef-building corals secrete hard calcareous exoskeletons that give them structural rigidity, and are also a prerequisite for our accurate 3D modeling and semantic mapping using advanced photogrammetric computer vision and machine learning. Underwater videography as a modern underwater remote sensing tool is a high-resolution coral habitat survey and mapping technique. In this paper, detailed 3D mesh models, digital surface models and orthophotos of the coral habitat are generated from the collected coral images and underwater control points. Meanwhile, a novel pixel-wise semantic segmentation approach of orthophotos is performed by advanced deep learning. Finally, the semantic map is mapped into 3D space. For the first time, 3D fine-grained semantic modeling and rugosity evaluation of coral reefs have been completed at millimeter (mm) accuracy. This provides a new and powerful method for understanding the processes and characteristics of coral reef change at high spatial and temporal resolution under climate change.",0.403281,-2547,2212.04132,Combining Photogrammetric Computer Vision and Semantic Segmentation for Fine-grained Understanding of Coral Reef Growth under Climate Change,0.403735,-2547,1410.7074,Random Sampling in an Age of Automation: Minimizing Expenditures through Balanced Collection and Annotation,0.204954,418,2406.19591,Mathematical modelling and uncertainty quantification for analysis of biphasic coral reef recovery patterns,0.373001,-3115,False,partial relavance,duplicate_candidate,"Another coral reef program hit on the same computer-vision paper. The pairing is believable, but by this point the dataset starts to look like a reef rerun marathon."
ENV_ENERGY_16,env_energy,343884,OIA Coral Reef and Natural Resources Program 2023,The Coral Reef and Natural Resources Initiative provides grant funding for management and protection of coral reefs and to combat invasive species in the U.S. insular areas.,2212.04132,Combining Photogrammetric Computer Vision and Semantic Segmentation for Fine-grained Understanding of Coral Reef Growth under Climate Change,"Corals are the primary habitat-building life-form on reefs that support a quarter of the species in the ocean. A coral reef ecosystem usually consists of reefs, each of which is like a tall building in any city. These reef-building corals secrete hard calcareous exoskeletons that give them structural rigidity, and are also a prerequisite for our accurate 3D modeling and semantic mapping using advanced photogrammetric computer vision and machine learning. Underwater videography as a modern underwater remote sensing tool is a high-resolution coral habitat survey and mapping technique. In this paper, detailed 3D mesh models, digital surface models and orthophotos of the coral habitat are generated from the collected coral images and underwater control points. Meanwhile, a novel pixel-wise semantic segmentation approach of orthophotos is performed by advanced deep learning. Finally, the semantic map is mapped into 3D space. For the first time, 3D fine-grained semantic modeling and rugosity evaluation of coral reefs have been completed at millimeter (mm) accuracy. This provides a new and powerful method for understanding the processes and characteristics of coral reef change at high spatial and temporal resolution under climate change.",0.40297,-66,2212.04132,Combining Photogrammetric Computer Vision and Semantic Segmentation for Fine-grained Understanding of Coral Reef Growth under Climate Change,0.403389,-66,2205.04612,Reconfigurable Robots for Scaling Reef Restoration,0.338195,146,2406.19591,Mathematical modelling and uncertainty quantification for analysis of biphasic coral reef recovery patterns,0.369649,-634,True,Strong Relavance,none,"Among the reef rows, this is one of the best. The 2023 program on coral reef and natural resources pairs naturally with a late-2022 paper on fine-grained reef growth analysis under climate change."
ENV_ENERGY_17,env_energy,249237,Clean Energy Activities- Addendum under APS No.: APS-OAA-13-00003,USAID/El Salvador is seeking concept papers for clean energy initiatives in the Central American region.,physics/0611083,Fractal Dimensionof the El Salvador Earthquake (2001) time Series,We have estimated multifractal spectrum of the El Salvador earthquake signal recorded at different locations.,0.4026,2592,physics/0611083,Fractal Dimensionof the El Salvador Earthquake (2001) time Series,0.402425,2592,1307.5133,Chamber Surface Roughness and Electron Cloud for the Advanced Photon Source Superconducting Undulator,0.104354,147,physics/0611083,Fractal Dimensionof the El Salvador Earthquake (2001) time Series,0.4026,2592,False,Not Related at all,domain_mismatch,"Grant is about clean energy activities; paper is a multifractal analysis of an earthquake time series in El Salvador. Same country name does not make it a match, unfortunately."
ENV_ENERGY_18,env_energy,350746,OIA Coral Reef and Natural Resources Program 2024,The Coral Reef and Natural Resources Initiative provides grant funding for management and protection of coral reefs and to combat invasive species in the U.S. insular areas.,2212.04132,Combining Photogrammetric Computer Vision and Semantic Segmentation for Fine-grained Understanding of Coral Reef Growth under Climate Change,"Corals are the primary habitat-building life-form on reefs that support a quarter of the species in the ocean. A coral reef ecosystem usually consists of reefs, each of which is like a tall building in any city. These reef-building corals secrete hard calcareous exoskeletons that give them structural rigidity, and are also a prerequisite for our accurate 3D modeling and semantic mapping using advanced photogrammetric computer vision and machine learning. Underwater videography as a modern underwater remote sensing tool is a high-resolution coral habitat survey and mapping technique. In this paper, detailed 3D mesh models, digital surface models and orthophotos of the coral habitat are generated from the collected coral images and underwater control points. Meanwhile, a novel pixel-wise semantic segmentation approach of orthophotos is performed by advanced deep learning. Finally, the semantic map is mapped into 3D space. For the first time, 3D fine-grained semantic modeling and rugosity evaluation of coral reefs have been completed at millimeter (mm) accuracy. This provides a new and powerful method for understanding the processes and characteristics of coral reef change at high spatial and temporal resolution under climate change.",0.402308,322,2212.04132,Combining Photogrammetric Computer Vision and Semantic Segmentation for Fine-grained Understanding of Coral Reef Growth under Climate Change,0.402725,322,2212.04132,Combining Photogrammetric Computer Vision and Semantic Segmentation for Fine-grained Understanding of Coral Reef Growth under Climate Change,0.402308,322,2406.19591,Mathematical modelling and uncertainty quantification for analysis of biphasic coral reef recovery patterns,0.369042,-246,True,Strong Relavance,temporal_mismatch,"Topically this is still a strong reef-program match, but the paper predates the 2024 call. Good semantic pair, shaky as a grant-to-paper direction story."
ENV_ENERGY_19,env_energy,300280,DARPA Subterranean (SubT) Challenge,"The goal of the DARPA Subterranean Challenge is to discover innovations that enable integrated and rapid mapping, navigation, and search of complex environments.",2207.04914,Team CERBERUS Wins the DARPA Subterranean Challenge: Technical Overview and Lessons Learned,"This article presents the CERBERUS robotic system-of-systems, which won the DARPA Subterranean Challenge Final Event in 2021. The Subterranean Challenge was organized by DARPA with the vision to facilitate the novel technologies necessary to reliably explore diverse underground environments despite the grueling challenges they present for robotic autonomy. Due to their geometric complexity, degraded perceptual conditions combined with lack of GPS support, austere navigation conditions, and denied communications, subterranean settings render autonomous operations particularly demanding. In response to this challenge, we developed the CERBERUS system which exploits the synergy of legged and flying robots, coupled with robust control especially for overcoming perilous terrain, multi-modal and multi-robot perception for localization and mapping in conditions of sensor degradation, and resilient autonomy through unified exploration path planning and local motion planning that reflects robot-specific limitations. Based on its ability to explore diverse underground environments and its high-level command and control by a single human supervisor, CERBERUS demonstrated efficient exploration, reliable detection of objects of interest, and accurate mapping. In this article, we report results from both the preliminary runs and the final Prize Round of the DARPA Subterranean Challenge, and discuss highlights and challenges faced, alongside lessons learned for the benefit of the community.",0.401464,-1628,2207.04914,Team CERBERUS Wins the DARPA Subterranean Challenge: Technical Overview and Lessons Learned,0.401466,-1628,1607.06759,Predicting Enemy's Actions Improves Commander Decision-Making,0.134811,552,2207.04914,Team CERBERUS Wins the DARPA Subterranean Challenge: Technical Overview and Lessons Learned,0.401464,-1628,True,Strong Relavance,none,"This one is delightfully direct. The grant is the DARPA Subterranean Challenge, and the paper is a technical overview from the winning CERBERUS team."
ENV_ENERGY_20,env_energy,290986,Coral Reef Initiative Program 2017,Coral Reef Initiative Program provides grant funding for management and protection of coral reef in the insular areas. Highest priority will be given to proposals that support local and regional priorities for protection and sustainable use of coral reefs.,2212.04132,Combining Photogrammetric Computer Vision and Semantic Segmentation for Fine-grained Understanding of Coral Reef Growth under Climate Change,"Corals are the primary habitat-building life-form on reefs that support a quarter of the species in the ocean. A coral reef ecosystem usually consists of reefs, each of which is like a tall building in any city. These reef-building corals secrete hard calcareous exoskeletons that give them structural rigidity, and are also a prerequisite for our accurate 3D modeling and semantic mapping using advanced photogrammetric computer vision and machine learning. Underwater videography as a modern underwater remote sensing tool is a high-resolution coral habitat survey and mapping technique. In this paper, detailed 3D mesh models, digital surface models and orthophotos of the coral habitat are generated from the collected coral images and underwater control points. Meanwhile, a novel pixel-wise semantic segmentation approach of orthophotos is performed by advanced deep learning. Finally, the semantic map is mapped into 3D space. For the first time, 3D fine-grained semantic modeling and rugosity evaluation of coral reefs have been completed at millimeter (mm) accuracy. This provides a new and powerful method for understanding the processes and characteristics of coral reef change at high spatial and temporal resolution under climate change.",0.398864,-2170,2212.04132,Combining Photogrammetric Computer Vision and Semantic Segmentation for Fine-grained Understanding of Coral Reef Growth under Climate Change,0.399317,-2170,1606.08363,Among-site variability in the stochastic dynamics of East African coral reefs,0.342674,185,2406.19591,Mathematical modelling and uncertainty quantification for analysis of biphasic coral reef recovery patterns,0.368916,-2738,False,partial relavance,duplicate_candidate,"Coral reef mission and coral reef analysis paper do belong in the same universe, but this older yearly program call is just another duplicate-flavored hit of the same reef paper."
